/*
SQLyog Ultimate v12.09 (32 bit)
MySQL - 5.6.19 : Database - mii_payroll
*********************************************************************
*/

/*!40101 SET NAMES utf8 */;

/*!40101 SET SQL_MODE=''*/;

/*!40014 SET @OLD_UNIQUE_CHECKS=@@UNIQUE_CHECKS, UNIQUE_CHECKS=0 */;
/*!40014 SET @OLD_FOREIGN_KEY_CHECKS=@@FOREIGN_KEY_CHECKS, FOREIGN_KEY_CHECKS=0 */;
/*!40101 SET @OLD_SQL_MODE=@@SQL_MODE, SQL_MODE='NO_AUTO_VALUE_ON_ZERO' */;
/*!40111 SET @OLD_SQL_NOTES=@@SQL_NOTES, SQL_NOTES=0 */;
CREATE DATABASE /*!32312 IF NOT EXISTS*/`mii_payroll` /*!40100 DEFAULT CHARACTER SET latin1 */;

USE `mii_payroll`;

/*Table structure for table `absensi` */

DROP TABLE IF EXISTS `absensi`;

CREATE TABLE `absensi` (
  `id_absensi` int(11) NOT NULL AUTO_INCREMENT COMMENT 'ID. Absensi',
  `id_karyawan` int(11) DEFAULT NULL COMMENT 'ID. Karyawan',
  `id_shift` int(11) DEFAULT NULL COMMENT 'ID. Shift',
  `tgl_absensi` date DEFAULT NULL COMMENT 'Tgl. Absensi',
  `jam_mulai` time DEFAULT NULL COMMENT 'Jam Mulai',
  `jam_berakhir` time DEFAULT NULL COMMENT 'Jam Berakhir',
  `id_tipe_absensi` int(11) DEFAULT NULL COMMENT 'ID. Tipe Absensi',
  PRIMARY KEY (`id_absensi`)
) ENGINE=InnoDB DEFAULT CHARSET=latin1;

/*Data for the table `absensi` */

/*Table structure for table `absensi_summary` */

DROP TABLE IF EXISTS `absensi_summary`;

CREATE TABLE `absensi_summary` (
  `id` int(11) NOT NULL AUTO_INCREMENT COMMENT 'ID',
  `id_penggajian` int(11) DEFAULT NULL COMMENT 'ID. Penggajian',
  `id_karyawan` int(11) DEFAULT NULL COMMENT 'ID. Karyawan',
  `tgl` date DEFAULT NULL COMMENT 'Tgl',
  `bulan` enum('Januari','Februari','Maret','April','Mei','Juni','Juli','Agustus','September','Oktober','November','Desember') DEFAULT NULL COMMENT 'Bulan',
  `tahun` varchar(4) DEFAULT NULL COMMENT 'Tahun',
  `hadir` int(11) DEFAULT '0' COMMENT 'Kehadiran',
  `absen` int(11) DEFAULT '0' COMMENT 'Absen',
  `cuti` int(11) DEFAULT '0' COMMENT 'Cuti',
  `sakit` int(11) DEFAULT '0' COMMENT 'Sakit',
  `ijin` int(11) DEFAULT '0' COMMENT 'Ijin',
  `lain` int(11) DEFAULT '0' COMMENT 'Lainnnya',
  PRIMARY KEY (`id`)
) ENGINE=InnoDB DEFAULT CHARSET=latin1;

/*Data for the table `absensi_summary` */

/*Table structure for table `bank` */

DROP TABLE IF EXISTS `bank`;

CREATE TABLE `bank` (
  `id_bank` int(11) NOT NULL AUTO_INCREMENT COMMENT 'ID Bank',
  `nm_bank` varchar(15) DEFAULT NULL COMMENT 'Nama Bank',
  `deskripsi` varchar(35) DEFAULT NULL COMMENT 'Deskripsi',
  PRIMARY KEY (`id_bank`)
) ENGINE=InnoDB AUTO_INCREMENT=4 DEFAULT CHARSET=latin1;

/*Data for the table `bank` */

insert  into `bank`(`id_bank`,`nm_bank`,`deskripsi`) values (1,'BNI','Bank Negara Indonesia'),(2,'BCA','Bank Central Asia'),(3,'BRI','Bank Rakyat Indonesia');

/*Table structure for table `barang_inventaris` */

DROP TABLE IF EXISTS `barang_inventaris`;

CREATE TABLE `barang_inventaris` (
  `id_barang_inventaris` int(11) NOT NULL AUTO_INCREMENT COMMENT 'ID Barang Inventaris',
  `nm_barang` varchar(25) DEFAULT NULL COMMENT 'Nama Barang Inventaris',
  PRIMARY KEY (`id_barang_inventaris`)
) ENGINE=InnoDB AUTO_INCREMENT=5 DEFAULT CHARSET=latin1;

/*Data for the table `barang_inventaris` */

insert  into `barang_inventaris`(`id_barang_inventaris`,`nm_barang`) values (1,'Seragam'),(2,'Topi'),(3,'Sepatu'),(4,'Mobil');

/*Table structure for table `checkinout` */

DROP TABLE IF EXISTS `checkinout`;

CREATE TABLE `checkinout` (
  `USERID` int(10) DEFAULT NULL,
  `CHECKTIME` datetime DEFAULT NULL,
  `CHECKTYPE` varchar(1) DEFAULT NULL,
  `VERIFYCODE` int(10) DEFAULT NULL,
  `SENSORID` varchar(5) DEFAULT NULL,
  `WorkCode` int(10) DEFAULT NULL,
  `sn` varchar(20) DEFAULT NULL,
  `UserExtFmt` smallint(5) DEFAULT NULL,
  UNIQUE KEY `USERCHECKTIME` (`USERID`,`CHECKTIME`)
) ENGINE=InnoDB DEFAULT CHARSET=utf8;

/*Data for the table `checkinout` */

/*Table structure for table `cuti` */

DROP TABLE IF EXISTS `cuti`;

CREATE TABLE `cuti` (
  `id_cuti` int(11) NOT NULL AUTO_INCREMENT COMMENT 'ID. Cuti',
  `id_karyawan` int(11) DEFAULT NULL COMMENT 'ID. Karyawan',
  `id_tipe_cuti` int(11) DEFAULT NULL COMMENT 'ID. Tipe Cuti',
  `tgl_mulai_cuti` date DEFAULT NULL COMMENT 'Tgl. Mulai Cuti',
  `tgl_berakhir_cuti` date DEFAULT NULL COMMENT 'Tgl. Berakhir Cuti',
  PRIMARY KEY (`id_cuti`)
) ENGINE=InnoDB DEFAULT CHARSET=latin1;

/*Data for the table `cuti` */

/*Table structure for table `cuti_detail` */

DROP TABLE IF EXISTS `cuti_detail`;

CREATE TABLE `cuti_detail` (
  `id` int(11) NOT NULL AUTO_INCREMENT COMMENT 'ID',
  `id_cuti` int(11) DEFAULT NULL COMMENT 'ID Cuti',
  `status_cuti` enum('Check','Approve','Cancel','Denied') DEFAULT NULL COMMENT 'Status Cuti',
  `user_confirm` int(11) DEFAULT NULL COMMENT 'User Konfirmasi',
  `insert_date` datetime DEFAULT NULL COMMENT 'Tgl Insert',
  `note_cuti` tinytext COMMENT 'Keterangan',
  PRIMARY KEY (`id`)
) ENGINE=InnoDB DEFAULT CHARSET=latin1;

/*Data for the table `cuti_detail` */

/*Table structure for table `departments` */

DROP TABLE IF EXISTS `departments`;

CREATE TABLE `departments` (
  `DEPTID` int(10) NOT NULL AUTO_INCREMENT,
  `DEPTNAME` varchar(30) DEFAULT NULL,
  `SUPDEPTID` int(10) DEFAULT NULL,
  `InheritParentSch` smallint(5) DEFAULT NULL,
  `InheritDeptSch` smallint(5) DEFAULT NULL,
  `InheritDeptSchClass` smallint(5) DEFAULT NULL,
  `AutoSchPlan` smallint(5) DEFAULT NULL,
  `InLate` smallint(5) DEFAULT NULL,
  `OutEarly` smallint(5) DEFAULT NULL,
  `InheritDeptRule` smallint(5) DEFAULT NULL,
  `MinAutoSchInterval` int(10) DEFAULT NULL,
  `RegisterOT` smallint(5) DEFAULT NULL,
  `DefaultSchId` int(10) DEFAULT NULL,
  `ATT` smallint(5) DEFAULT NULL,
  `Holiday` smallint(5) DEFAULT NULL,
  `OverTime` smallint(5) DEFAULT NULL,
  UNIQUE KEY `DEPTID` (`DEPTID`),
  KEY `DEPTNAME` (`DEPTNAME`)
) ENGINE=InnoDB AUTO_INCREMENT=14 DEFAULT CHARSET=utf8;

/*Data for the table `departments` */

insert  into `departments`(`DEPTID`,`DEPTNAME`,`SUPDEPTID`,`InheritParentSch`,`InheritDeptSch`,`InheritDeptSchClass`,`AutoSchPlan`,`InLate`,`OutEarly`,`InheritDeptRule`,`MinAutoSchInterval`,`RegisterOT`,`DefaultSchId`,`ATT`,`Holiday`,`OverTime`) values (1,'SURYACIPTA MII',0,NULL,NULL,NULL,NULL,NULL,NULL,NULL,NULL,NULL,NULL,NULL,NULL,NULL),(2,'MATSUMOTO II',1,1,1,1,1,1,1,1,24,1,1,1,1,1),(3,'XMII',1,1,1,1,1,1,1,1,24,1,1,1,1,1),(4,'1. STAFF',2,1,1,1,1,1,1,1,24,1,1,1,1,1),(5,'3. OPR PROD',2,1,1,1,1,1,1,1,24,1,12,1,1,1),(7,'4. MAGANG',2,1,1,1,1,1,1,1,24,1,1,1,1,1),(9,'2. LEADER',2,1,1,1,1,1,1,1,24,1,1,1,1,1),(11,'3. OPR QC/QA',2,1,1,1,1,1,1,1,24,1,1,1,1,1),(13,'3. OPR WH',2,1,1,1,1,1,1,1,24,1,1,1,1,1);

/*Table structure for table `dept` */

DROP TABLE IF EXISTS `dept`;

CREATE TABLE `dept` (
  `id_dept` int(11) NOT NULL AUTO_INCREMENT COMMENT 'ID Department',
  `singkatan` varchar(6) DEFAULT NULL COMMENT 'Singkatan',
  `nm_dept` varchar(25) DEFAULT NULL COMMENT 'Nama Department',
  `id_perusahaan` int(11) DEFAULT NULL COMMENT 'Perusahaan',
  PRIMARY KEY (`id_dept`)
) ENGINE=InnoDB AUTO_INCREMENT=13 DEFAULT CHARSET=latin1;

/*Data for the table `dept` */

insert  into `dept`(`id_dept`,`singkatan`,`nm_dept`,`id_perusahaan`) values (1,'WH','Warehouse',1),(2,'Prod','Production',1),(3,'HR','Human Resource',1),(4,'Purc','Purchasing',1),(5,'QC','Quality Controll',1),(6,'QA','Quality Assurance',1),(7,'GA','General Affair',1),(8,'PPIC','PPIC',1),(9,'Driver','Driver',1),(10,'DC','DC',1),(11,'FAC','FAC',1),(12,'PE','PE',1);

/*Table structure for table `hubungan_keluarga` */

DROP TABLE IF EXISTS `hubungan_keluarga`;

CREATE TABLE `hubungan_keluarga` (
  `id_hub_keluarga` int(11) NOT NULL AUTO_INCREMENT COMMENT 'ID Hubungan Keluarga',
  `nm_hub_keluarga` varchar(25) DEFAULT NULL COMMENT 'Nama Hubungan Keluarga',
  PRIMARY KEY (`id_hub_keluarga`)
) ENGINE=InnoDB AUTO_INCREMENT=10 DEFAULT CHARSET=latin1;

/*Data for the table `hubungan_keluarga` */

insert  into `hubungan_keluarga`(`id_hub_keluarga`,`nm_hub_keluarga`) values (1,'Istri'),(2,'Suami'),(3,'Anak'),(4,'Ayah'),(5,'Ibu'),(6,'Saudara'),(7,'Saudara Kandung'),(8,'Mertua Laki-Laki'),(9,'Mertua Perempuan');

/*Table structure for table `informasi_pribadi` */

DROP TABLE IF EXISTS `informasi_pribadi`;

CREATE TABLE `informasi_pribadi` (
  `id_info` int(11) NOT NULL AUTO_INCREMENT COMMENT 'ID. Informasi',
  `id_karyawan` int(11) DEFAULT NULL COMMENT 'ID. Karyawan',
  `nama` varchar(35) DEFAULT NULL COMMENT 'Nama Lengkap',
  `panggilan` varchar(25) DEFAULT NULL COMMENT 'Nama Panggilan',
  `jk` enum('Male','Female') DEFAULT NULL COMMENT 'Jenis Kelamin',
  `tmp_lahir` varchar(35) DEFAULT NULL COMMENT 'Tempat Lahir',
  `tgl_lahir` date DEFAULT NULL COMMENT 'Tgl. Lahir',
  `alamat` tinytext COMMENT 'Alamat',
  `no_telp` varchar(22) DEFAULT NULL COMMENT 'No. Telp',
  `email` varchar(35) DEFAULT NULL COMMENT 'Email',
  `status_menikah` enum('Menikah','Belum Menikah') DEFAULT NULL COMMENT 'Status',
  `status_rumah` enum('Sewa','Milik Sendiri') DEFAULT NULL COMMENT 'Rumah Tinggal',
  PRIMARY KEY (`id_info`)
) ENGINE=InnoDB AUTO_INCREMENT=68 DEFAULT CHARSET=latin1;

/*Data for the table `informasi_pribadi` */

insert  into `informasi_pribadi`(`id_info`,`id_karyawan`,`nama`,`panggilan`,`jk`,`tmp_lahir`,`tgl_lahir`,`alamat`,`no_telp`,`email`,`status_menikah`,`status_rumah`) values (1,1,'Kholil','Kholil','Male',NULL,'1991-04-16',NULL,NULL,NULL,'Menikah','Milik Sendiri'),(2,2,'Akhmad Khoiruzzad','Akhmad','Male','Bandung','1999-09-28','Jl, Sekeloa Timur No. 86 RT/RW 003/003 Kec. Coblong, Kab. Bandung','','','Menikah','Milik Sendiri'),(3,3,'Rini Purnamasari','Rini','Female',NULL,'1988-12-26',NULL,NULL,NULL,'Menikah','Milik Sendiri'),(4,4,'Ari Kurniasih','Ari','Female',NULL,'1996-01-30',NULL,NULL,NULL,'Menikah','Milik Sendiri'),(5,5,'Fathkurrohman','Fatur','Male',NULL,'1987-01-18',NULL,NULL,NULL,'Menikah','Milik Sendiri'),(6,6,'M. Abdul Gafur','Gafur','Male',NULL,'1986-07-12',NULL,NULL,NULL,'Menikah','Milik Sendiri'),(7,7,'Ruspandi','Pandi','Male',NULL,'1995-07-24',NULL,NULL,NULL,'Menikah','Milik Sendiri'),(8,8,'Karsum Sumyadi','Karsum','Male',NULL,'1982-10-28',NULL,NULL,NULL,'Menikah','Milik Sendiri'),(9,9,'Yudhi Agung Saputro','Yudhi','Male',NULL,'1993-08-20',NULL,NULL,NULL,'Menikah','Milik Sendiri'),(10,10,'Wahyu Karuniati','Wahyu','Female',NULL,'1994-03-02',NULL,NULL,NULL,'Menikah','Milik Sendiri'),(11,11,'Zubaedah Mukti','Mukti','Female',NULL,'1996-10-22',NULL,NULL,NULL,'Menikah','Milik Sendiri'),(12,12,'Sri Ratna Wulan ','Wulan','Female',NULL,'1997-09-15',NULL,NULL,NULL,'Menikah','Milik Sendiri'),(13,13,'Kris Monika Sari','Monika','Female',NULL,'1998-04-21',NULL,NULL,NULL,'Menikah','Milik Sendiri'),(14,14,'Yunus Suhendar','Yunus','Male',NULL,'1988-10-10',NULL,NULL,NULL,'Menikah','Milik Sendiri'),(15,15,'Niki Rahayu','Niki','Female',NULL,'1996-09-07',NULL,NULL,NULL,'Menikah','Milik Sendiri'),(16,16,'Haris Hamdani','Haris','Male',NULL,'1997-10-10',NULL,NULL,NULL,'Menikah','Milik Sendiri'),(17,17,'Aditya Gunawan','Adit','Male',NULL,'1997-08-19',NULL,NULL,NULL,'Menikah','Milik Sendiri'),(18,18,'Hendro Yohanda','Hendro','Male',NULL,'1994-02-25',NULL,NULL,NULL,'Menikah','Milik Sendiri'),(19,19,'Herry Budianto','Herry','Male',NULL,'1995-06-16',NULL,NULL,NULL,'Menikah','Milik Sendiri'),(20,20,'Dimas Hardipratama','Dimas','Male',NULL,'1997-05-04',NULL,NULL,NULL,'Menikah','Milik Sendiri'),(21,21,'Dinar Mahpudin','Dinar','Male',NULL,'1995-06-23',NULL,NULL,NULL,'Menikah','Milik Sendiri'),(22,22,'Abdul Somad','Somad','Male',NULL,'1991-06-01',NULL,NULL,NULL,'Menikah','Milik Sendiri'),(23,23,'Chasan Basori','Basori','Male',NULL,'1984-10-20',NULL,NULL,NULL,'Menikah','Milik Sendiri'),(24,24,'Nabilia Umma H.F','Nabil','Female',NULL,'1997-08-30',NULL,NULL,NULL,'Menikah','Milik Sendiri'),(25,25,'Yeni Aprilia','Yeni','Female',NULL,'1998-04-04',NULL,NULL,NULL,'Menikah','Milik Sendiri'),(26,26,'Aep Rohandi','Aep','Male',NULL,'1996-04-07',NULL,NULL,NULL,'Menikah','Milik Sendiri'),(27,27,'Agus Solihudin','Agus','Male',NULL,'1995-08-21',NULL,NULL,NULL,'Menikah','Milik Sendiri'),(28,28,'Yusuf','Yusuf','Male',NULL,'1995-02-13',NULL,NULL,NULL,'Menikah','Milik Sendiri'),(29,29,'Annisa Nur Aini','Annisa','Female',NULL,'1998-06-20',NULL,NULL,NULL,'Menikah','Milik Sendiri'),(30,30,'Ari Jaka Pratama','Jaka','Male',NULL,'1995-11-29',NULL,NULL,NULL,'Menikah','Milik Sendiri'),(31,31,'Dede Suhaya','Dede','Male',NULL,'1996-02-06',NULL,NULL,NULL,'Menikah','Milik Sendiri'),(32,32,'Dudung','Dudung','Male',NULL,'1996-11-15',NULL,NULL,NULL,'Menikah','Milik Sendiri'),(33,33,'Siti Nurohmah','Siti','Female',NULL,'1998-09-27',NULL,NULL,NULL,'Menikah','Milik Sendiri'),(34,34,'Nyai Nur Syifah','Nyai','Female',NULL,'1998-05-08',NULL,NULL,NULL,'Menikah','Milik Sendiri'),(35,35,'Putri Oktavia','Putri','Female',NULL,'1998-10-21',NULL,NULL,NULL,'Menikah','Milik Sendiri'),(36,36,'Sinta Carolin','Sinta','Female',NULL,'1998-08-03',NULL,NULL,NULL,'Menikah','Milik Sendiri'),(37,37,NULL,'Syamsul','Male',NULL,NULL,NULL,NULL,NULL,'Menikah','Milik Sendiri'),(38,38,'Ade Yulianto','Ade','Male',NULL,'1991-06-13',NULL,NULL,NULL,'Menikah','Milik Sendiri'),(39,39,'Anggraeni Saputri','Anggraeni','Female',NULL,'1998-01-22',NULL,NULL,NULL,'Menikah','Milik Sendiri'),(40,40,'Rezza Shertiani','Rezza','Female',NULL,'1996-05-25',NULL,NULL,NULL,'Menikah','Milik Sendiri'),(41,41,'Dedi Ardiyanto','Dedi','Male',NULL,'1998-01-17',NULL,NULL,NULL,'Menikah','Milik Sendiri'),(42,42,'Herma Triyana','Herma','Female',NULL,'1996-10-05',NULL,NULL,NULL,'Menikah','Milik Sendiri'),(43,43,'Novi Apiani','Novi','Female',NULL,'1998-04-26',NULL,NULL,NULL,'Menikah','Milik Sendiri'),(44,44,'R. Anugrah Ramadhan','Anugrah','Male',NULL,'1997-01-19',NULL,NULL,NULL,'Menikah','Milik Sendiri'),(45,45,'Suhaendi','Endi','Male',NULL,'1996-03-10',NULL,NULL,NULL,'Menikah','Milik Sendiri'),(46,46,'Riki Sugiarto','Riki','Male',NULL,'1997-04-08',NULL,NULL,NULL,'Menikah','Milik Sendiri'),(47,47,'Nofi Indriyani','Nofi','Female',NULL,'1998-08-12',NULL,NULL,NULL,'Menikah','Milik Sendiri'),(48,48,'Aldin Fauzi','Aldin','Male',NULL,'1997-12-08',NULL,NULL,NULL,'Menikah','Milik Sendiri'),(49,49,'Badri','Badri','Male',NULL,'1998-09-10',NULL,NULL,NULL,'Menikah','Milik Sendiri'),(50,50,'Ficki Latif Eriyanto','Latif','Male',NULL,'1998-07-24',NULL,NULL,NULL,'Menikah','Milik Sendiri'),(51,51,'Hardiyanto','Hardi','Male',NULL,'1998-05-14',NULL,NULL,NULL,'Menikah','Milik Sendiri'),(52,52,'Vicky Achmad Alrizal','Singgih','Male',NULL,'1998-03-18',NULL,NULL,NULL,'Menikah','Milik Sendiri'),(53,53,'Singgih Ariyan','Vicky','Male',NULL,'1998-05-20',NULL,NULL,NULL,'Menikah','Milik Sendiri'),(54,54,'Ahmad Mulyadi','Mulyadi','Male',NULL,'1998-07-16',NULL,NULL,NULL,'Menikah','Milik Sendiri'),(55,55,'Ariska Prasetyo','Aris','Male',NULL,'1996-10-06',NULL,NULL,NULL,'Menikah','Milik Sendiri'),(56,56,'Endang Srilipur Ati','Endang Sri','Female',NULL,'1998-03-26',NULL,NULL,NULL,'Menikah','Milik Sendiri'),(57,57,'Pitri Nurpajar','Pitri','Female',NULL,'1999-01-14',NULL,NULL,NULL,'Menikah','Milik Sendiri'),(58,58,'Vera Kartika Salu','Vera','Female',NULL,'1998-11-21',NULL,NULL,NULL,'Menikah','Milik Sendiri'),(59,59,'Endang Wijianto','Endang','Male',NULL,'1987-11-22',NULL,NULL,NULL,'Menikah','Milik Sendiri'),(60,60,'Atin Supriatin','Atin','Male',NULL,'1997-09-08',NULL,NULL,NULL,'Menikah','Milik Sendiri'),(61,61,'Ersih','Ersih','Female',NULL,'1997-05-01',NULL,NULL,NULL,'Menikah','Milik Sendiri'),(62,62,'Indra Suryana Putra','Indra','Male',NULL,'1998-10-24',NULL,NULL,NULL,'Menikah','Milik Sendiri'),(63,63,'Ninda Yuni Sergiyant','Ninda','Female',NULL,'1998-06-28',NULL,NULL,NULL,'Menikah','Milik Sendiri'),(64,64,'Nurhayati','Nur','Female',NULL,'1997-09-27',NULL,NULL,NULL,'Menikah','Milik Sendiri'),(65,8,'Karsum Sumyadi','Karsum','Male',NULL,'1984-10-28',NULL,NULL,NULL,'Menikah','Milik Sendiri'),(66,66,'Iwa Hadinata','Iwa','Male',NULL,'1988-12-11',NULL,NULL,NULL,'Menikah','Milik Sendiri'),(67,67,'Winda Purnama','','Female','','2017-10-30','','','','Belum Menikah','Sewa');

/*Table structure for table `jabatan` */

DROP TABLE IF EXISTS `jabatan`;

CREATE TABLE `jabatan` (
  `id` int(11) NOT NULL AUTO_INCREMENT COMMENT 'ID',
  `nm_jabatan` varchar(35) DEFAULT NULL COMMENT 'Nama Jabatan',
  `id_perusahaan` int(11) DEFAULT NULL COMMENT 'ID Perusahaan',
  PRIMARY KEY (`id`)
) ENGINE=InnoDB AUTO_INCREMENT=8 DEFAULT CHARSET=latin1;

/*Data for the table `jabatan` */

insert  into `jabatan`(`id`,`nm_jabatan`,`id_perusahaan`) values (1,'Direktur Utama',1),(2,'Direktur',1),(3,'Manager',1),(4,'Assisten Manager',1),(5,'Leader',1),(6,'Supervisor',1),(7,'Staff',1);

/*Table structure for table `jenis_identitas` */

DROP TABLE IF EXISTS `jenis_identitas`;

CREATE TABLE `jenis_identitas` (
  `id_jenis_identitas` int(11) NOT NULL AUTO_INCREMENT COMMENT 'ID Jenis Identitas',
  `nm_jenis_identitas` varchar(25) DEFAULT NULL COMMENT 'Nama Jenis Identitas',
  PRIMARY KEY (`id_jenis_identitas`)
) ENGINE=InnoDB AUTO_INCREMENT=4 DEFAULT CHARSET=latin1;

/*Data for the table `jenis_identitas` */

insert  into `jenis_identitas`(`id_jenis_identitas`,`nm_jenis_identitas`) values (1,'KTP'),(2,'BPJS'),(3,'NPWP');

/*Table structure for table `jenis_sanksi` */

DROP TABLE IF EXISTS `jenis_sanksi`;

CREATE TABLE `jenis_sanksi` (
  `id_jenis_sanksi` int(11) NOT NULL AUTO_INCREMENT COMMENT 'ID Jenis Sanksi',
  `nm_jenis_sanksi` varchar(25) DEFAULT NULL COMMENT 'Nama Jenis Sanksi',
  PRIMARY KEY (`id_jenis_sanksi`)
) ENGINE=InnoDB AUTO_INCREMENT=8 DEFAULT CHARSET=latin1;

/*Data for the table `jenis_sanksi` */

insert  into `jenis_sanksi`(`id_jenis_sanksi`,`nm_jenis_sanksi`) values (1,'Teguran'),(2,'Teguran I'),(3,'Teguran II'),(4,'Teguran III'),(5,'SP I'),(6,'SP II'),(7,'SP III');

/*Table structure for table `kalender_kerja` */

DROP TABLE IF EXISTS `kalender_kerja`;

CREATE TABLE `kalender_kerja` (
  `id_kalender` int(11) NOT NULL AUTO_INCREMENT COMMENT 'ID Kalender Kerja',
  `bulan` enum('1','2','3','4','5','6','7','8','9','10','11','12') DEFAULT NULL COMMENT 'Bulan',
  `thn` varchar(4) DEFAULT NULL COMMENT 'Tahun',
  `hari_kerja` int(11) DEFAULT NULL COMMENT 'Jml Hari Kerja',
  `libur` int(11) DEFAULT NULL COMMENT 'Jml Hari Libur',
  PRIMARY KEY (`id_kalender`)
) ENGINE=InnoDB AUTO_INCREMENT=13 DEFAULT CHARSET=latin1;

/*Data for the table `kalender_kerja` */

insert  into `kalender_kerja`(`id_kalender`,`bulan`,`thn`,`hari_kerja`,`libur`) values (1,'9','2017',19,11),(2,'10','2017',22,9),(3,'1','2017',21,0),(4,'2','2017',20,0),(5,'3','2017',22,0),(6,'4','2017',18,0),(7,'5','2017',20,0),(8,'6','2017',15,0),(9,'7','2017',22,0),(10,'8','2017',22,0),(11,'11','2017',22,0),(12,'12','2017',22,0);

/*Table structure for table `kalender_kerja_detail` */

DROP TABLE IF EXISTS `kalender_kerja_detail`;

CREATE TABLE `kalender_kerja_detail` (
  `id_kalender_detail` int(11) NOT NULL AUTO_INCREMENT COMMENT 'ID Kalender Detail',
  `id_kalender` int(11) DEFAULT NULL COMMENT 'Kalender',
  `tgl` date DEFAULT NULL COMMENT 'Tgl.',
  `jenis` enum('1','0') DEFAULT NULL COMMENT 'Jenis (1=Kerja, 0=Libur)',
  PRIMARY KEY (`id_kalender_detail`)
) ENGINE=InnoDB DEFAULT CHARSET=latin1;

/*Data for the table `kalender_kerja_detail` */

/*Table structure for table `kalender_libur` */

DROP TABLE IF EXISTS `kalender_libur`;

CREATE TABLE `kalender_libur` (
  `id_kalender_libur` int(11) NOT NULL AUTO_INCREMENT COMMENT 'ID Kalender Libur',
  `thn_libur` varchar(4) DEFAULT NULL COMMENT 'Tahun',
  `tgl_libur` date DEFAULT NULL COMMENT 'Tgl. Libur',
  PRIMARY KEY (`id_kalender_libur`)
) ENGINE=InnoDB AUTO_INCREMENT=3 DEFAULT CHARSET=latin1;

/*Data for the table `kalender_libur` */

insert  into `kalender_libur`(`id_kalender_libur`,`thn_libur`,`tgl_libur`) values (1,'2017','2017-09-01'),(2,'2017','2017-09-13');

/*Table structure for table `karyawan` */

DROP TABLE IF EXISTS `karyawan`;

CREATE TABLE `karyawan` (
  `id_karyawan` int(11) NOT NULL AUTO_INCREMENT COMMENT 'ID',
  `nik` varchar(8) DEFAULT NULL COMMENT 'NIK',
  `id_status` int(11) DEFAULT NULL COMMENT 'Status',
  `id_perusahaan` int(11) DEFAULT NULL COMMENT 'ID Perusahaan',
  `id_jabatan` int(11) DEFAULT NULL COMMENT 'ID Jabatan',
  `tgl_bergabung` date DEFAULT NULL COMMENT 'Tgl. Bergabung',
  PRIMARY KEY (`id_karyawan`)
) ENGINE=InnoDB AUTO_INCREMENT=68 DEFAULT CHARSET=latin1;

/*Data for the table `karyawan` */

insert  into `karyawan`(`id_karyawan`,`nik`,`id_status`,`id_perusahaan`,`id_jabatan`,`tgl_bergabung`) values (1,'T2002',2,1,7,'2012-11-16'),(2,'T2001',2,1,7,'2012-10-16'),(3,'T2018',2,1,7,'2014-03-04'),(4,'T2026',2,1,7,'2015-01-14'),(5,'T2029',2,1,7,'2015-03-02'),(6,'T2017',2,1,7,'2014-03-03'),(7,'OJT22',2,1,7,'2015-11-02'),(8,'T2030',2,1,7,'2015-06-01'),(9,'T2031',2,1,7,'2015-08-03'),(10,'T2032',2,1,7,'2015-08-10'),(11,'OJT26',2,1,7,'2015-11-23'),(12,'OJT25',2,1,7,'2015-11-23'),(13,'OJT27',2,1,7,'2016-01-04'),(14,'T2034',2,1,7,'2016-01-04'),(15,'T2035',2,1,7,'2016-02-09'),(16,'OJT28',2,1,7,'2016-02-22'),(17,'T2036',2,1,7,'2016-03-14'),(18,'T2037',2,1,7,'2016-03-14'),(19,'T2039',2,1,7,'2016-05-16'),(20,'T2040',2,1,7,'2016-05-24'),(21,'T2041',2,1,7,'2016-05-24'),(22,'T2042',2,1,7,'2016-06-01'),(23,'T2043',2,1,7,'2016-06-06'),(24,'OJT31',2,1,7,'2016-07-11'),(25,'OJT32',2,1,7,'2016-07-11'),(26,'T2044',2,1,7,'2016-07-14'),(27,'T2046',2,1,7,'2016-08-10'),(28,'T2047',2,1,7,'2016-08-10'),(29,'T2048',2,1,7,'2016-09-26'),(30,'T2049',2,1,7,'2016-09-26'),(31,'T2050',2,1,7,'2016-09-26'),(32,'T2051',2,1,7,'2016-09-26'),(33,'T2052',2,1,7,'2016-09-27'),(34,'OJT33',2,1,7,'2016-11-01'),(35,'OJT34',2,1,7,'2016-11-01'),(36,'OJT35',2,1,7,'2016-11-01'),(37,'OJT36',2,1,7,'2016-12-01'),(38,'T2053',2,1,7,'2016-12-06'),(39,'T2054',2,1,7,'2016-12-06'),(40,'T2055',2,1,7,'2016-12-06'),(41,'T2056',2,1,7,'2017-02-01'),(42,'T2057',2,1,7,'2017-02-21'),(43,'T2058',2,1,7,'2017-02-21'),(44,'T2033',2,1,7,'2017-02-21'),(45,'T2060',2,1,7,'2017-03-07'),(46,'T2061',2,1,7,'2017-03-13'),(47,'T2062',2,1,7,'2017-03-21'),(48,'OJT37',2,1,7,'2017-04-03'),(49,'OJT38',2,1,7,'2017-04-03'),(50,'OJT39',2,1,7,'2017-04-03'),(51,'OJT40',2,1,7,'2017-04-03'),(52,'OJT42',2,1,7,'2017-04-03'),(53,'OJT41',2,1,7,'2017-04-03'),(54,'T2063',2,1,7,'2017-04-10'),(55,'T2064',2,1,7,'2017-04-10'),(56,'T2065',2,1,7,'2017-04-10'),(57,'T2066',2,1,7,'2017-04-10'),(58,'T2067',2,1,7,'2017-04-10'),(59,'T2068',2,1,7,'2017-05-03'),(60,'T2069',2,1,7,'2017-06-05'),(61,'T2070',2,1,7,'2017-06-05'),(62,'T2071',2,1,7,'2017-06-05'),(63,'T2072',2,1,7,'2017-06-05'),(64,'T2073',2,1,7,'2017-06-05'),(65,'T2074',2,1,7,'2017-07-10'),(66,'T2075',2,1,7,'2017-08-01'),(67,'T2079',6,1,7,'2018-01-29');

/*Table structure for table `karyawan_absensi` */

DROP TABLE IF EXISTS `karyawan_absensi`;

CREATE TABLE `karyawan_absensi` (
  `id_karyawan_absensi` int(11) NOT NULL AUTO_INCREMENT COMMENT 'ID Karyawan Absensi',
  `id_karyawan` int(11) DEFAULT NULL COMMENT 'ID Karyawan',
  `tgl_absensi` date DEFAULT NULL COMMENT 'Tanggal',
  `id_tipe_absensi` int(11) DEFAULT NULL COMMENT 'Tipe Absensi',
  PRIMARY KEY (`id_karyawan_absensi`)
) ENGINE=InnoDB AUTO_INCREMENT=9 DEFAULT CHARSET=latin1;

/*Data for the table `karyawan_absensi` */

insert  into `karyawan_absensi`(`id_karyawan_absensi`,`id_karyawan`,`tgl_absensi`,`id_tipe_absensi`) values (1,30,'2017-09-09',1),(2,15,'2017-09-01',5),(3,15,'2017-09-02',5),(4,15,'2017-09-03',5),(5,30,'2017-09-26',3),(6,2,'2017-10-01',5),(7,1,'2017-11-01',5),(8,1,'2017-08-01',5);

/*Table structure for table `karyawan_atasan` */

DROP TABLE IF EXISTS `karyawan_atasan`;

CREATE TABLE `karyawan_atasan` (
  `id_atasan` int(11) NOT NULL AUTO_INCREMENT COMMENT 'ID. Karyawan Atasan',
  `id_karyawan_atasan` int(11) DEFAULT NULL COMMENT 'ID. Atasan',
  `id_karyawan` int(11) DEFAULT NULL COMMENT 'ID. Karyawan',
  PRIMARY KEY (`id_atasan`)
) ENGINE=InnoDB AUTO_INCREMENT=11 DEFAULT CHARSET=latin1;

/*Data for the table `karyawan_atasan` */

insert  into `karyawan_atasan`(`id_atasan`,`id_karyawan_atasan`,`id_karyawan`) values (8,1,6),(10,1,2);

/*Table structure for table `karyawan_dept` */

DROP TABLE IF EXISTS `karyawan_dept`;

CREATE TABLE `karyawan_dept` (
  `id_relasi` int(11) NOT NULL AUTO_INCREMENT COMMENT 'ID Relasi Karyawan Department',
  `id_karyawan` int(11) DEFAULT NULL COMMENT 'Karyawan',
  `id_dept` int(11) DEFAULT NULL COMMENT 'Department',
  PRIMARY KEY (`id_relasi`)
) ENGINE=InnoDB AUTO_INCREMENT=4 DEFAULT CHARSET=latin1;

/*Data for the table `karyawan_dept` */

insert  into `karyawan_dept`(`id_relasi`,`id_karyawan`,`id_dept`) values (1,2,2),(2,2,8),(3,2,12);

/*Table structure for table `karyawan_file` */

DROP TABLE IF EXISTS `karyawan_file`;

CREATE TABLE `karyawan_file` (
  `id_file` int(11) NOT NULL AUTO_INCREMENT COMMENT 'ID File',
  `id_karyawan` int(11) DEFAULT NULL COMMENT 'Karyawan',
  `nm_file` varchar(75) CHARACTER SET latin1 DEFAULT NULL COMMENT 'Nama File',
  `is_active` enum('1','0') CHARACTER SET latin1 DEFAULT NULL COMMENT 'Active (1 Jika Ya)',
  PRIMARY KEY (`id_file`)
) ENGINE=InnoDB AUTO_INCREMENT=2 DEFAULT CHARSET=utf8 COLLATE=utf8_unicode_ci;

/*Data for the table `karyawan_file` */

insert  into `karyawan_file`(`id_file`,`id_karyawan`,`nm_file`,`is_active`) values (1,2,'UMOAEyEt4G2mbh85_JDv6lD0r4KbD4eA.jpg','1');

/*Table structure for table `karyawan_finger_id` */

DROP TABLE IF EXISTS `karyawan_finger_id`;

CREATE TABLE `karyawan_finger_id` (
  `id_kfi` int(11) NOT NULL AUTO_INCREMENT COMMENT 'ID',
  `log_finger_id` varchar(15) DEFAULT NULL COMMENT 'ID Finger',
  `id_karyawan` int(11) DEFAULT NULL COMMENT 'ID Karyawan',
  PRIMARY KEY (`id_kfi`)
) ENGINE=InnoDB AUTO_INCREMENT=68 DEFAULT CHARSET=latin1;

/*Data for the table `karyawan_finger_id` */

insert  into `karyawan_finger_id`(`id_kfi`,`log_finger_id`,`id_karyawan`) values (1,'333',48),(2,'334',49),(3,'335',50),(4,'336',51),(5,'337',52),(6,'338',53),(7,'339',54),(8,'340',55),(9,'341',56),(10,'342',57),(11,'343',58),(12,'344',59),(13,'346',60),(14,'347',61),(15,'348',62),(16,'349',63),(17,'350',64),(18,'351',65),(19,'352',66),(20,'33',3),(21,'2',2),(22,'23',1),(23,'53',4),(24,'59',5),(25,'60',6),(26,'94',8),(27,'98',9),(28,'105',10),(29,'73',7),(30,'110',12),(31,'109',11),(32,'113',13),(33,'114',14),(34,'115',15),(35,'161',16),(36,'163',17),(37,'164',18),(38,'167',19),(39,'199',20),(40,'200',21),(41,'201',22),(42,'202',23),(43,'203',24),(44,'205',25),(45,'206',26),(46,'240',27),(47,'241',28),(48,'247',29),(49,'248',30),(50,'249',31),(51,'250',32),(52,'251',33),(53,'267',34),(54,'268',35),(55,'269',36),(56,'276',37),(57,'323',38),(58,'324',39),(59,'325',40),(60,'326',41),(61,'327',42),(62,'328',43),(63,'329',44),(64,'330',45),(65,'331',46),(66,'332',47),(67,'122',67);

/*Table structure for table `karyawan_identitas` */

DROP TABLE IF EXISTS `karyawan_identitas`;

CREATE TABLE `karyawan_identitas` (
  `id_identitas` int(11) NOT NULL AUTO_INCREMENT COMMENT 'ID Identitas',
  `id_karyawan` int(11) DEFAULT NULL COMMENT 'Karyawan',
  `no_identitas` varchar(45) DEFAULT NULL COMMENT 'No Identitas',
  `id_jenis_identitas` int(11) DEFAULT NULL COMMENT 'Jenis Identitas',
  PRIMARY KEY (`id_identitas`)
) ENGINE=InnoDB AUTO_INCREMENT=3 DEFAULT CHARSET=latin1;

/*Data for the table `karyawan_identitas` */

insert  into `karyawan_identitas`(`id_identitas`,`id_karyawan`,`no_identitas`,`id_jenis_identitas`) values (1,2,'34.189.437.6-506.000',3),(2,1,'321321321321',1);

/*Table structure for table `karyawan_inventaris` */

DROP TABLE IF EXISTS `karyawan_inventaris`;

CREATE TABLE `karyawan_inventaris` (
  `id_inventaris` int(11) NOT NULL AUTO_INCREMENT COMMENT 'ID Inventaris',
  `id_karyawan` int(11) DEFAULT NULL COMMENT 'Karyawan',
  `tgl_inventaris` date DEFAULT NULL COMMENT 'Tgl. Inventaris',
  `tgl_terima` date DEFAULT NULL COMMENT 'Tgl. Terima',
  `tgl_kembali` date DEFAULT NULL COMMENT 'Tgl. Kembali',
  `id_barang_inventaris` int(11) DEFAULT NULL COMMENT 'Barang Inventaris',
  `jml` int(11) DEFAULT NULL COMMENT 'Jml',
  `ket` text COMMENT 'Keterangan',
  PRIMARY KEY (`id_inventaris`)
) ENGINE=InnoDB AUTO_INCREMENT=2 DEFAULT CHARSET=latin1;

/*Data for the table `karyawan_inventaris` */

insert  into `karyawan_inventaris`(`id_inventaris`,`id_karyawan`,`tgl_inventaris`,`tgl_terima`,`tgl_kembali`,`id_barang_inventaris`,`jml`,`ket`) values (1,2,'2017-09-22','2017-09-22','2017-09-22',1,1,'Seragam warna merah sepasang');

/*Table structure for table `karyawan_karir` */

DROP TABLE IF EXISTS `karyawan_karir`;

CREATE TABLE `karyawan_karir` (
  `id_karir` int(11) NOT NULL AUTO_INCREMENT COMMENT 'ID Karir',
  `id_karyawan` int(11) DEFAULT NULL COMMENT 'Karyawan',
  `tgl` date DEFAULT NULL COMMENT 'Tgl.',
  `jenis` enum('Promosi','Demosi') DEFAULT NULL COMMENT 'Jenis Karir',
  `id_jabatan` int(11) DEFAULT NULL COMMENT 'Jabatan',
  `tgl_berlaku` date DEFAULT NULL COMMENT 'Tgl. Berlaku',
  PRIMARY KEY (`id_karir`)
) ENGINE=InnoDB AUTO_INCREMENT=2 DEFAULT CHARSET=latin1;

/*Data for the table `karyawan_karir` */

insert  into `karyawan_karir`(`id_karir`,`id_karyawan`,`tgl`,`jenis`,`id_jabatan`,`tgl_berlaku`) values (1,2,'2017-09-27','Promosi',7,'2017-09-27');

/*Table structure for table `karyawan_keluarga` */

DROP TABLE IF EXISTS `karyawan_keluarga`;

CREATE TABLE `karyawan_keluarga` (
  `id_keluarga` int(11) NOT NULL AUTO_INCREMENT COMMENT 'ID Keluarga',
  `id_karyawan` int(11) DEFAULT NULL COMMENT 'Karyawan',
  `id_hub_keluarga` int(11) DEFAULT NULL COMMENT 'Hubungan Keluarga',
  `nama` varchar(35) DEFAULT NULL COMMENT 'Nama',
  `tgl_lahir` date DEFAULT NULL COMMENT 'Tgl. Lahir',
  `tmp_lahir` varchar(25) DEFAULT NULL COMMENT 'Tempat Lahir',
  `jk` enum('Male','Female') DEFAULT NULL COMMENT 'Jenis Kelamin',
  `alamat` text COMMENT 'Alamat',
  `no_telp` varchar(32) DEFAULT NULL COMMENT 'No. Telp',
  `email` varchar(35) DEFAULT NULL COMMENT 'Email',
  `id_pendidikan` int(11) DEFAULT NULL COMMENT 'Pendidikan',
  `id_pekerjaan` int(11) DEFAULT NULL COMMENT 'Pekerjaan',
  `id_penghasilan` int(11) DEFAULT NULL COMMENT 'Penghasilan',
  PRIMARY KEY (`id_keluarga`)
) ENGINE=InnoDB AUTO_INCREMENT=4 DEFAULT CHARSET=latin1;

/*Data for the table `karyawan_keluarga` */

insert  into `karyawan_keluarga`(`id_keluarga`,`id_karyawan`,`id_hub_keluarga`,`nama`,`tgl_lahir`,`tmp_lahir`,`jk`,`alamat`,`no_telp`,`email`,`id_pendidikan`,`id_pekerjaan`,`id_penghasilan`) values (1,2,1,'Featy Nurbaety','1991-09-18','Bandung','Female','Cluster Mutiara Blok Ruby VII No. 8 Palumbonsari, Karawang Timur','','',5,3,1),(2,2,3,'Fairuz Rakha Khoiruzzad','2017-09-27','Karawang','Male','','','',7,1,1),(3,2,4,'Suprijanto','1957-03-09','-','Male','','','',5,1,1);

/*Table structure for table `karyawan_rekening` */

DROP TABLE IF EXISTS `karyawan_rekening`;

CREATE TABLE `karyawan_rekening` (
  `id_rekening` int(11) NOT NULL AUTO_INCREMENT COMMENT 'ID Rekening',
  `id_karyawan` int(11) DEFAULT NULL COMMENT 'Karyawan',
  `id_bank` int(11) DEFAULT NULL COMMENT 'Bank',
  `no_rek` varchar(35) DEFAULT NULL COMMENT 'No. Rekening',
  `nm_pemilik_rek` varchar(35) DEFAULT NULL COMMENT 'Nama Pemilik Rekening',
  PRIMARY KEY (`id_rekening`)
) ENGINE=InnoDB AUTO_INCREMENT=2 DEFAULT CHARSET=latin1;

/*Data for the table `karyawan_rekening` */

insert  into `karyawan_rekening`(`id_rekening`,`id_karyawan`,`id_bank`,`no_rek`,`nm_pemilik_rek`) values (1,2,1,'0001148699867','Akhmad Khoiruzzad');

/*Table structure for table `karyawan_sanksi` */

DROP TABLE IF EXISTS `karyawan_sanksi`;

CREATE TABLE `karyawan_sanksi` (
  `id_sanksi` int(11) NOT NULL AUTO_INCREMENT COMMENT 'ID Sanksi',
  `id_karyawan` int(11) DEFAULT NULL COMMENT 'Karyawan',
  `id_jenis_sanksi` int(11) DEFAULT NULL COMMENT 'Jenis Sanksi',
  `tgl_sanksi` date DEFAULT NULL COMMENT 'Tgl. Sanksi',
  `tgl_berlaku` date DEFAULT NULL COMMENT 'Tgl. Berlaku',
  `tgl_berakhir` date DEFAULT NULL COMMENT 'Tgl. Berakhir',
  PRIMARY KEY (`id_sanksi`)
) ENGINE=InnoDB AUTO_INCREMENT=3 DEFAULT CHARSET=latin1;

/*Data for the table `karyawan_sanksi` */

insert  into `karyawan_sanksi`(`id_sanksi`,`id_karyawan`,`id_jenis_sanksi`,`tgl_sanksi`,`tgl_berlaku`,`tgl_berakhir`) values (1,2,2,'2017-09-27','2017-09-27','2017-09-27'),(2,1,1,'2018-01-12','2018-01-12','2018-01-12');

/*Table structure for table `karyawan_status` */

DROP TABLE IF EXISTS `karyawan_status`;

CREATE TABLE `karyawan_status` (
  `id_status_karyawan` int(11) NOT NULL AUTO_INCREMENT COMMENT 'ID Status Karyawan',
  `id_status` int(11) DEFAULT NULL COMMENT 'Status',
  `id_karyawan` int(11) DEFAULT NULL COMMENT 'Karyawan',
  `tgl_status` date DEFAULT NULL COMMENT 'Tgl. Pembuatan',
  `tgl_berlaku` date DEFAULT NULL COMMENT 'Tgl. Berlaku',
  `tgl_berakhir` date DEFAULT NULL COMMENT 'Tgl. Berakhir',
  PRIMARY KEY (`id_status_karyawan`)
) ENGINE=InnoDB AUTO_INCREMENT=3 DEFAULT CHARSET=latin1;

/*Data for the table `karyawan_status` */

insert  into `karyawan_status`(`id_status_karyawan`,`id_status`,`id_karyawan`,`tgl_status`,`tgl_berlaku`,`tgl_berakhir`) values (1,1,2,'2017-09-26','2017-09-30','2017-10-31'),(2,3,2,'2017-09-26','2017-09-26','2017-09-26');

/*Table structure for table `komponen_gaji` */

DROP TABLE IF EXISTS `komponen_gaji`;

CREATE TABLE `komponen_gaji` (
  `id_komponen` int(11) NOT NULL AUTO_INCREMENT COMMENT 'ID. Komponen',
  `nm_komponen` varchar(35) DEFAULT NULL COMMENT 'Nama Komponen',
  `kategori_komponen` enum('Pendapatan','Potongan','Gaji Pokok') DEFAULT NULL COMMENT 'Kategori',
  `tipe` enum('-','Harian','Bulanan') DEFAULT 'Bulanan' COMMENT 'Tipe',
  PRIMARY KEY (`id_komponen`)
) ENGINE=InnoDB AUTO_INCREMENT=9 DEFAULT CHARSET=latin1;

/*Data for the table `komponen_gaji` */

insert  into `komponen_gaji`(`id_komponen`,`nm_komponen`,`kategori_komponen`,`tipe`) values (1,'Kehadiran','Pendapatan','Harian'),(2,'Upah Pokok','Gaji Pokok','Bulanan'),(3,'Tj. Jabatan','Pendapatan','Bulanan'),(4,'Tj. Transport','Pendapatan','Harian'),(5,'Tj. Shift','Pendapatan','Bulanan'),(6,'BPJS Tenaga Kerja','Potongan','Bulanan'),(7,'BPJS Kesehatan','Potongan','Bulanan'),(8,'Tunjangan Makan','Pendapatan','Harian');

/*Table structure for table `komponen_gaji_karyawan` */

DROP TABLE IF EXISTS `komponen_gaji_karyawan`;

CREATE TABLE `komponen_gaji_karyawan` (
  `id_kgk` int(11) NOT NULL AUTO_INCREMENT COMMENT 'ID. Komponen Gaji Karyawan',
  `id_karyawan` int(11) DEFAULT NULL COMMENT 'ID. Karyawan',
  `id_komponen` int(11) DEFAULT NULL COMMENT 'ID. Komponen',
  `nominal` decimal(10,2) DEFAULT '0.00' COMMENT 'Nominal',
  PRIMARY KEY (`id_kgk`)
) ENGINE=InnoDB AUTO_INCREMENT=158 DEFAULT CHARSET=latin1;

/*Data for the table `komponen_gaji_karyawan` */

insert  into `komponen_gaji_karyawan`(`id_kgk`,`id_karyawan`,`id_komponen`,`nominal`) values (72,1,1,'30000.00'),(74,3,1,'30000.00'),(75,4,1,'30000.00'),(76,5,1,'30000.00'),(77,6,1,'30000.00'),(78,7,1,'30000.00'),(79,8,1,'30000.00'),(80,9,1,'30000.00'),(81,10,1,'30000.00'),(82,11,1,'30000.00'),(83,12,1,'30000.00'),(84,13,1,'30000.00'),(85,14,1,'30000.00'),(87,16,1,'30000.00'),(88,17,1,'30000.00'),(89,18,1,'30000.00'),(90,19,1,'30000.00'),(91,20,1,'30000.00'),(92,21,1,'30000.00'),(93,22,1,'30000.00'),(94,23,1,'30000.00'),(95,24,1,'30000.00'),(96,25,1,'30000.00'),(97,26,1,'30000.00'),(98,27,1,'30000.00'),(99,28,1,'30000.00'),(100,29,1,'30000.00'),(102,31,1,'30000.00'),(103,32,1,'30000.00'),(104,33,1,'30000.00'),(105,34,1,'30000.00'),(106,35,1,'30000.00'),(107,36,1,'30000.00'),(108,37,1,'30000.00'),(109,38,1,'30000.00'),(110,39,1,'30000.00'),(111,40,1,'30000.00'),(112,41,1,'30000.00'),(113,42,1,'30000.00'),(114,43,1,'30000.00'),(115,44,1,'30000.00'),(116,45,1,'30000.00'),(117,46,1,'30000.00'),(118,47,1,'30000.00'),(119,48,1,'30000.00'),(120,49,1,'30000.00'),(121,50,1,'30000.00'),(122,51,1,'30000.00'),(123,52,1,'30000.00'),(124,53,1,'30000.00'),(125,54,1,'30000.00'),(126,55,1,'30000.00'),(127,56,1,'30000.00'),(128,57,1,'30000.00'),(129,58,1,'30000.00'),(130,59,1,'30000.00'),(131,60,1,'30000.00'),(132,61,1,'30000.00'),(133,62,1,'30000.00'),(134,63,1,'30000.00'),(135,64,1,'30000.00'),(136,65,1,'30000.00'),(137,66,1,'30000.00'),(138,2,2,'7000000.00'),(139,2,3,'1000000.00'),(140,2,4,'47000.00'),(141,2,5,'2000.00'),(142,2,6,'237035.00'),(143,2,7,'55158.00'),(144,30,2,'3953750.00'),(145,30,4,'20000.00'),(146,30,5,'10000.00'),(147,30,6,'118613.00'),(148,15,2,'3953750.00'),(149,15,4,'20000.00'),(150,15,6,'118613.00'),(151,15,7,'39538.00'),(152,67,2,'3953750.00'),(153,67,4,'20000.00'),(154,15,3,'0.00'),(155,30,3,'0.00'),(156,67,3,'0.00'),(157,2,8,'25000.00');

/*Table structure for table `log_absensi` */

DROP TABLE IF EXISTS `log_absensi`;

CREATE TABLE `log_absensi` (
  `id` int(11) NOT NULL AUTO_INCREMENT COMMENT 'ID',
  `log_match_id` int(11) DEFAULT '1' COMMENT 'Match Id',
  `log_finger_id` varchar(15) DEFAULT '1' COMMENT 'ID Finger',
  `log_fulldate` datetime DEFAULT NULL COMMENT 'Full Tgl',
  `log_type` tinyint(4) DEFAULT '1' COMMENT 'Tipe Absensi',
  `log_date` date DEFAULT NULL COMMENT 'Tgl',
  `log_time` time DEFAULT NULL COMMENT 'Jam',
  PRIMARY KEY (`id`)
) ENGINE=InnoDB AUTO_INCREMENT=2821 DEFAULT CHARSET=latin1;

/*Data for the table `log_absensi` */

insert  into `log_absensi`(`id`,`log_match_id`,`log_finger_id`,`log_fulldate`,`log_type`,`log_date`,`log_time`) values (1,1,'2','0000-00-00 00:00:00',1,'0000-00-00','00:00:00'),(2,1,'2','0000-00-00 00:00:00',2,'0000-00-00','00:00:00'),(3,1,'2','0000-00-00 00:00:00',1,'0000-00-00','00:00:00'),(4,1,'2','0000-00-00 00:00:00',2,'0000-00-00','00:00:00'),(5,1,'2','0000-00-00 00:00:00',1,'0000-00-00','00:00:00'),(6,1,'2','0000-00-00 00:00:00',2,'0000-00-00','00:00:00'),(7,1,'2','2017-09-04 06:28:00',1,'2017-09-04','09:28:00'),(8,1,'2','2017-09-04 16:28:00',2,'2017-09-04','16:28:00'),(9,1,'2','2017-09-05 06:34:00',1,'2017-09-05','06:34:00'),(10,1,'2','2017-09-05 17:07:00',2,'2017-09-05','17:07:00'),(11,1,'2','2017-09-06 06:34:00',1,'2017-09-06','06:34:00'),(12,1,'2','2017-09-06 00:00:00',2,'2017-09-06','00:00:00'),(13,1,'2','2017-09-07 06:26:00',1,'2017-09-07','06:26:00'),(14,1,'2','2017-09-07 21:36:00',2,'2017-09-07','21:36:00'),(15,1,'2','2017-09-08 06:17:00',1,'2017-09-08','06:17:00'),(16,1,'2','2017-09-08 00:30:00',2,'2017-09-08','00:30:00'),(17,1,'2','2017-09-09 00:00:00',1,'2017-09-09','00:00:00'),(18,1,'2','2017-09-09 00:00:00',2,'2017-09-09','00:00:00'),(19,1,'2','2017-09-10 00:00:00',1,'2017-09-10','00:00:00'),(20,1,'2','2017-09-10 00:00:00',2,'2017-09-10','00:00:00'),(21,1,'2','2017-09-11 06:14:00',1,'2017-09-11','06:14:00'),(22,1,'2','2017-09-11 17:48:00',2,'2017-09-11','17:48:00'),(23,1,'2','2017-09-12 06:34:00',1,'2017-09-12','06:34:00'),(24,1,'2','2017-09-12 16:00:00',2,'2017-09-12','16:00:00'),(25,1,'2','2017-09-13 06:16:00',1,'2017-09-13','06:16:00'),(26,1,'2','2017-09-13 16:17:00',2,'2017-09-13','16:17:00'),(27,1,'2','2017-09-14 06:26:00',1,'2017-09-14','06:26:00'),(28,1,'2','2017-09-14 17:43:00',2,'2017-09-14','17:43:00'),(29,1,'2','2017-09-15 06:35:00',1,'2017-09-15','06:35:00'),(30,1,'2','2017-09-15 17:35:00',2,'2017-09-15','17:35:00'),(31,1,'2','2017-09-16 00:00:00',1,'2017-09-16','00:00:00'),(32,1,'2','2017-09-16 00:00:00',2,'2017-09-16','00:00:00'),(33,1,'2','2017-09-17 00:00:00',1,'2017-09-17','00:00:00'),(34,1,'2','2017-09-17 00:00:00',2,'2017-09-17','00:00:00'),(35,1,'2','2017-09-18 06:43:00',1,'2017-09-18','06:43:00'),(36,1,'2','2017-09-18 17:22:00',2,'2017-09-18','17:22:00'),(37,1,'2','2017-09-19 06:39:00',1,'2017-09-19','06:39:00'),(38,1,'2','2017-09-19 17:05:00',2,'2017-09-19','17:05:00'),(39,1,'2','2017-09-20 06:36:00',1,'2017-09-20','06:36:00'),(40,1,'2','2017-09-20 18:16:00',2,'2017-09-20','18:16:00'),(41,1,'2','2017-09-21 00:00:00',1,'2017-09-21','00:00:00'),(42,1,'2','2017-09-21 00:00:00',2,'2017-09-21','00:00:00'),(43,1,'2','2017-09-22 06:31:00',1,'2017-09-22','06:31:00'),(44,1,'2','2017-09-22 16:46:00',2,'2017-09-22','16:46:00'),(45,1,'2','2017-09-23 00:00:00',1,'2017-09-23','00:00:00'),(46,1,'2','2017-09-23 00:00:00',2,'2017-09-23','00:00:00'),(47,1,'2','2017-09-24 00:00:00',1,'2017-09-24','00:00:00'),(48,1,'2','2017-09-24 00:00:00',2,'2017-09-24','00:00:00'),(49,1,'2','2017-09-25 06:49:00',1,'2017-09-25','06:49:00'),(50,1,'2','2017-09-25 19:12:00',2,'2017-09-25','19:12:00'),(51,1,'2','2017-09-26 06:38:00',1,'2017-09-26','06:38:00'),(52,1,'2','2017-09-26 17:30:00',2,'2017-09-26','17:30:00'),(53,1,'2','2017-09-27 06:29:00',1,'2017-09-27','06:29:00'),(54,1,'2','2017-09-27 19:00:00',2,'2017-09-27','19:00:00'),(55,1,'2','2017-09-28 06:39:00',1,'2017-09-28','06:39:00'),(56,1,'2','2017-09-28 17:33:00',2,'2017-09-28','17:33:00'),(57,1,'2','2017-09-29 06:30:00',1,'2017-09-29','06:30:00'),(58,1,'2','2017-09-29 19:17:00',2,'2017-09-29','19:17:00'),(59,1,'2','2017-09-30 00:00:00',1,'2017-09-30','00:00:00'),(60,1,'2','2017-09-30 00:00:00',2,'2017-09-30','00:00:00'),(61,1,'3','2017-09-01 00:00:00',1,'2017-09-01','00:00:00'),(62,1,'3','2017-09-01 00:00:00',2,'2017-09-01','00:00:00'),(63,1,'3','2017-09-02 00:00:00',1,'2017-09-02','00:00:00'),(64,1,'3','2017-09-02 00:00:00',2,'2017-09-02','00:00:00'),(65,1,'3','2017-09-03 00:00:00',1,'2017-09-03','00:00:00'),(66,1,'3','2017-09-03 00:00:00',2,'2017-09-03','00:00:00'),(67,1,'3','2017-09-04 06:20:00',1,'2017-09-04','06:20:00'),(68,1,'3','2017-09-04 19:13:00',2,'2017-09-04','19:13:00'),(69,1,'3','2017-09-05 05:42:00',1,'2017-09-05','05:42:00'),(70,1,'3','2017-09-05 17:51:00',2,'2017-09-05','17:51:00'),(71,1,'3','2017-09-06 07:00:00',1,'2017-09-06','07:00:00'),(72,1,'3','2017-09-06 17:39:00',2,'2017-09-06','17:39:00'),(73,1,'3','2017-09-07 06:55:00',1,'2017-09-07','06:55:00'),(74,1,'3','2017-09-07 16:47:00',2,'2017-09-07','16:47:00'),(75,1,'3','2017-09-08 07:20:00',1,'2017-09-08','07:20:00'),(76,1,'3','2017-09-08 21:51:00',2,'2017-09-08','21:51:00'),(77,1,'3','2017-09-09 09:50:00',1,'2017-09-09','09:50:00'),(78,1,'3','2017-09-09 17:00:00',2,'2017-09-09','17:00:00'),(79,1,'3','2017-09-10 00:00:00',1,'2017-09-10','00:00:00'),(80,1,'3','2017-09-10 00:00:00',2,'2017-09-10','00:00:00'),(81,1,'3','2017-09-11 06:14:00',1,'2017-09-11','06:14:00'),(82,1,'3','2017-09-11 19:00:00',2,'2017-09-11','19:00:00'),(83,1,'3','2017-09-12 06:45:00',1,'2017-09-12','06:45:00'),(84,1,'3','2017-09-12 16:00:00',2,'2017-09-12','16:00:00'),(85,1,'3','2017-09-13 07:00:00',1,'2017-09-13','07:00:00'),(86,1,'3','2017-09-13 23:59:00',2,'2017-09-13','23:59:00'),(87,1,'3','2017-09-14 06:24:00',1,'2017-09-14','06:24:00'),(88,1,'3','2017-09-14 18:27:00',2,'2017-09-14','18:27:00'),(89,1,'3','2017-09-15 07:00:00',1,'2017-09-15','07:00:00'),(90,1,'3','2017-09-15 16:34:00',2,'2017-09-15','16:34:00'),(91,1,'3','2017-09-16 00:00:00',1,'2017-09-16','00:00:00'),(92,1,'3','2017-09-16 00:00:00',2,'2017-09-16','00:00:00'),(93,1,'3','2017-09-17 00:00:00',1,'2017-09-17','00:00:00'),(94,1,'3','2017-09-17 00:00:00',2,'2017-09-17','00:00:00'),(95,1,'3','2017-09-18 06:30:00',1,'2017-09-18','06:30:00'),(96,1,'3','2017-09-18 21:38:00',2,'2017-09-18','21:38:00'),(97,1,'3','2017-09-19 06:41:00',1,'2017-09-19','06:41:00'),(98,1,'3','2017-09-19 19:29:00',2,'2017-09-19','19:29:00'),(99,1,'3','2017-09-20 05:55:00',1,'2017-09-20','05:55:00'),(100,1,'3','2017-09-20 21:54:00',2,'2017-09-20','21:54:00'),(101,1,'3','2017-09-21 00:00:00',1,'2017-09-21','00:00:00'),(102,1,'3','2017-09-21 00:00:00',2,'2017-09-21','00:00:00'),(103,1,'3','2017-09-22 07:00:00',1,'2017-09-22','07:00:00'),(104,1,'3','2017-09-22 18:36:00',2,'2017-09-22','18:36:00'),(105,1,'3','2017-09-23 00:00:00',1,'2017-09-23','00:00:00'),(106,1,'3','2017-09-23 00:00:00',2,'2017-09-23','00:00:00'),(107,1,'3','2017-09-24 00:00:00',1,'2017-09-24','00:00:00'),(108,1,'3','2017-09-24 00:00:00',2,'2017-09-24','00:00:00'),(109,1,'3','2017-09-25 00:00:00',1,'2017-09-25','00:00:00'),(110,1,'3','2017-09-25 19:21:00',2,'2017-09-25','19:21:00'),(111,1,'3','2017-09-26 06:38:00',1,'2017-09-26','06:38:00'),(112,1,'3','2017-09-26 19:55:00',2,'2017-09-26','19:55:00'),(113,1,'3','2017-09-27 00:00:00',1,'2017-09-27','00:00:00'),(114,1,'3','2017-09-27 19:51:00',2,'2017-09-27','19:51:00'),(115,1,'3','2017-09-28 06:54:00',1,'2017-09-28','06:54:00'),(116,1,'3','2017-09-28 23:29:00',2,'2017-09-28','23:29:00'),(117,1,'3','2017-09-29 06:22:00',1,'2017-09-29','06:22:00'),(118,1,'3','2017-09-29 21:42:00',2,'2017-09-29','21:42:00'),(119,1,'3','2017-09-30 00:00:00',1,'2017-09-30','00:00:00'),(120,1,'3','2017-09-30 00:00:00',2,'2017-09-30','00:00:00'),(121,1,'18','2017-09-01 00:00:00',1,'2017-09-01','00:00:00'),(122,1,'18','2017-09-01 00:00:00',2,'2017-09-01','00:00:00'),(123,1,'18','2017-09-02 00:00:00',1,'2017-09-02','00:00:00'),(124,1,'18','2017-09-02 00:00:00',2,'2017-09-02','00:00:00'),(125,1,'18','2017-09-03 00:00:00',1,'2017-09-03','00:00:00'),(126,1,'18','2017-09-03 00:00:00',2,'2017-09-03','00:00:00'),(127,1,'18','2017-09-04 06:47:00',1,'2017-09-04','06:47:00'),(128,1,'18','2017-09-04 17:04:00',2,'2017-09-04','17:04:00'),(129,1,'18','2017-09-05 06:40:00',1,'2017-09-05','06:40:00'),(130,1,'18','2017-09-05 17:04:00',2,'2017-09-05','17:04:00'),(131,1,'18','2017-09-06 06:30:00',1,'2017-09-06','06:30:00'),(132,1,'18','2017-09-06 17:01:00',2,'2017-09-06','17:01:00'),(133,1,'18','2017-09-07 06:32:00',1,'2017-09-07','06:32:00'),(134,1,'18','2017-09-07 17:01:00',2,'2017-09-07','17:01:00'),(135,1,'18','2017-09-08 06:30:00',1,'2017-09-08','06:30:00'),(136,1,'18','2017-09-08 17:30:00',2,'2017-09-08','17:30:00'),(137,1,'18','2017-09-09 00:00:00',1,'2017-09-09','00:00:00'),(138,1,'18','2017-09-09 00:00:00',2,'2017-09-09','00:00:00'),(139,1,'18','2017-09-10 00:00:00',1,'2017-09-10','00:00:00'),(140,1,'18','2017-09-10 00:00:00',2,'2017-09-10','00:00:00'),(141,1,'18','2017-09-11 06:23:00',1,'2017-09-11','06:23:00'),(142,1,'18','2017-09-11 17:03:00',2,'2017-09-11','17:03:00'),(143,1,'18','2017-09-12 00:00:00',1,'2017-09-12','00:00:00'),(144,1,'18','2017-09-12 00:00:00',2,'2017-09-12','00:00:00'),(145,1,'18','2017-09-13 06:31:00',1,'2017-09-13','06:31:00'),(146,1,'18','2017-09-13 16:00:00',2,'2017-09-13','16:00:00'),(147,1,'18','2017-09-14 07:00:00',1,'2017-09-14','07:00:00'),(148,1,'18','2017-09-14 17:02:00',2,'2017-09-14','17:02:00'),(149,1,'18','2017-09-15 06:32:00',1,'2017-09-15','06:32:00'),(150,1,'18','2017-09-15 17:00:00',2,'2017-09-15','17:00:00'),(151,1,'18','2017-09-16 00:00:00',1,'2017-09-16','00:00:00'),(152,1,'18','2017-09-16 00:00:00',2,'2017-09-16','00:00:00'),(153,1,'18','2017-09-17 00:00:00',1,'2017-09-17','00:00:00'),(154,1,'18','2017-09-17 00:00:00',2,'2017-09-17','00:00:00'),(155,1,'18','2017-09-18 07:00:00',1,'2017-09-18','07:00:00'),(156,1,'18','2017-09-18 17:05:00',2,'2017-09-18','17:05:00'),(157,1,'18','2017-09-19 06:40:00',1,'2017-09-19','06:40:00'),(158,1,'18','2017-09-19 17:02:00',2,'2017-09-19','17:02:00'),(159,1,'18','2017-09-20 06:37:00',1,'2017-09-20','06:37:00'),(160,1,'18','2017-09-20 17:03:00',2,'2017-09-20','17:03:00'),(161,1,'18','2017-09-21 00:00:00',1,'2017-09-21','00:00:00'),(162,1,'18','2017-09-21 00:00:00',2,'2017-09-21','00:00:00'),(163,1,'18','2017-09-22 06:30:00',1,'2017-09-22','06:30:00'),(164,1,'18','2017-09-22 17:00:00',2,'2017-09-22','17:00:00'),(165,1,'18','2017-09-23 00:00:00',1,'2017-09-23','00:00:00'),(166,1,'18','2017-09-23 00:00:00',2,'2017-09-23','00:00:00'),(167,1,'18','2017-09-24 00:00:00',1,'2017-09-24','00:00:00'),(168,1,'18','2017-09-24 00:00:00',2,'2017-09-24','00:00:00'),(169,1,'18','2017-09-25 06:29:00',1,'2017-09-25','06:29:00'),(170,1,'18','2017-09-25 17:04:00',2,'2017-09-25','17:04:00'),(171,1,'18','2017-09-26 06:33:00',1,'2017-09-26','06:33:00'),(172,1,'18','2017-09-26 00:00:00',2,'2017-09-26','00:00:00'),(173,1,'18','2017-09-27 06:41:00',1,'2017-09-27','06:41:00'),(174,1,'18','2017-09-27 17:02:00',2,'2017-09-27','17:02:00'),(175,1,'18','2017-09-28 06:32:00',1,'2017-09-28','06:32:00'),(176,1,'18','2017-09-28 00:00:00',2,'2017-09-28','00:00:00'),(177,1,'18','2017-09-29 00:00:00',1,'2017-09-29','00:00:00'),(178,1,'18','2017-09-29 17:32:00',2,'2017-09-29','17:32:00'),(179,1,'18','2017-09-30 00:00:00',1,'2017-09-30','00:00:00'),(180,1,'18','2017-09-30 00:00:00',2,'2017-09-30','00:00:00'),(181,1,'38','2017-09-01 00:00:00',1,'2017-09-01','00:00:00'),(182,1,'38','2017-09-01 00:00:00',2,'2017-09-01','00:00:00'),(183,1,'38','2017-09-02 00:00:00',1,'2017-09-02','00:00:00'),(184,1,'38','2017-09-02 00:00:00',2,'2017-09-02','00:00:00'),(185,1,'38','2017-09-03 00:00:00',1,'2017-09-03','00:00:00'),(186,1,'38','2017-09-03 00:00:00',2,'2017-09-03','00:00:00'),(187,1,'38','2017-09-04 00:00:00',1,'2017-09-04','00:00:00'),(188,1,'38','2017-09-04 00:00:00',2,'2017-09-04','00:00:00'),(189,1,'38','2017-09-05 06:23:00',1,'2017-09-05','06:23:00'),(190,1,'38','2017-09-05 19:23:00',2,'2017-09-05','19:23:00'),(191,1,'38','2017-09-06 06:24:00',1,'2017-09-06','06:24:00'),(192,1,'38','2017-09-06 16:17:00',2,'2017-09-06','16:17:00'),(193,1,'38','2017-09-07 06:24:00',1,'2017-09-07','06:24:00'),(194,1,'38','2017-09-07 19:15:00',2,'2017-09-07','19:15:00'),(195,1,'38','2017-09-08 06:24:00',1,'2017-09-08','06:24:00'),(196,1,'38','2017-09-08 17:18:00',2,'2017-09-08','17:18:00'),(197,1,'38','2017-09-09 00:00:00',1,'2017-09-09','00:00:00'),(198,1,'38','2017-09-09 00:00:00',2,'2017-09-09','00:00:00'),(199,1,'38','2017-09-10 00:00:00',1,'2017-09-10','00:00:00'),(200,1,'38','2017-09-10 00:00:00',2,'2017-09-10','00:00:00'),(201,1,'38','2017-09-11 06:24:00',1,'2017-09-11','06:24:00'),(202,1,'38','2017-09-11 17:36:00',2,'2017-09-11','17:36:00'),(203,1,'38','2017-09-12 06:24:00',1,'2017-09-12','06:24:00'),(204,1,'38','2017-09-12 16:00:00',2,'2017-09-12','16:00:00'),(205,1,'38','2017-09-13 06:31:00',1,'2017-09-13','06:31:00'),(206,1,'38','2017-09-13 18:44:00',2,'2017-09-13','18:44:00'),(207,1,'38','2017-09-14 06:33:00',1,'2017-09-14','06:33:00'),(208,1,'38','2017-09-14 17:23:00',2,'2017-09-14','17:23:00'),(209,1,'38','2017-09-15 06:21:00',1,'2017-09-15','06:21:00'),(210,1,'38','2017-09-15 17:08:00',2,'2017-09-15','17:08:00'),(211,1,'38','2017-09-16 00:00:00',1,'2017-09-16','00:00:00'),(212,1,'38','2017-09-16 00:00:00',2,'2017-09-16','00:00:00'),(213,1,'38','2017-09-17 00:00:00',1,'2017-09-17','00:00:00'),(214,1,'38','2017-09-17 00:00:00',2,'2017-09-17','00:00:00'),(215,1,'38','2017-09-18 06:26:00',1,'2017-09-18','06:26:00'),(216,1,'38','2017-09-18 17:27:00',2,'2017-09-18','17:27:00'),(217,1,'38','2017-09-19 06:36:00',1,'2017-09-19','06:36:00'),(218,1,'38','2017-09-19 19:36:00',2,'2017-09-19','19:36:00'),(219,1,'38','2017-09-20 06:30:00',1,'2017-09-20','06:30:00'),(220,1,'38','2017-09-20 16:15:00',2,'2017-09-20','16:15:00'),(221,1,'38','2017-09-21 00:00:00',1,'2017-09-21','00:00:00'),(222,1,'38','2017-09-21 00:00:00',2,'2017-09-21','00:00:00'),(223,1,'38','2017-09-22 06:22:00',1,'2017-09-22','06:22:00'),(224,1,'38','2017-09-22 17:53:00',2,'2017-09-22','17:53:00'),(225,1,'38','2017-09-23 00:00:00',1,'2017-09-23','00:00:00'),(226,1,'38','2017-09-23 00:00:00',2,'2017-09-23','00:00:00'),(227,1,'38','2017-09-24 00:00:00',1,'2017-09-24','00:00:00'),(228,1,'38','2017-09-24 00:00:00',2,'2017-09-24','00:00:00'),(229,1,'38','2017-09-25 00:00:00',1,'2017-09-25','00:00:00'),(230,1,'38','2017-09-25 00:00:00',2,'2017-09-25','00:00:00'),(231,1,'38','2017-09-26 00:00:00',1,'2017-09-26','00:00:00'),(232,1,'38','2017-09-26 00:00:00',2,'2017-09-26','00:00:00'),(233,1,'38','2017-09-27 06:25:00',1,'2017-09-27','06:25:00'),(234,1,'38','2017-09-27 16:39:00',2,'2017-09-27','16:39:00'),(235,1,'38','2017-09-28 06:28:00',1,'2017-09-28','06:28:00'),(236,1,'38','2017-09-28 16:30:00',2,'2017-09-28','16:30:00'),(237,1,'38','2017-09-29 06:20:00',1,'2017-09-29','06:20:00'),(238,1,'38','2017-09-29 17:00:00',2,'2017-09-29','17:00:00'),(239,1,'38','2017-09-30 00:00:00',1,'2017-09-30','00:00:00'),(240,1,'38','2017-09-30 00:00:00',2,'2017-09-30','00:00:00'),(241,1,'48','2017-09-01 00:00:00',1,'2017-09-01','00:00:00'),(242,1,'48','2017-09-01 00:00:00',2,'2017-09-01','00:00:00'),(243,1,'48','2017-09-02 00:00:00',1,'2017-09-02','00:00:00'),(244,1,'48','2017-09-02 00:00:00',2,'2017-09-02','00:00:00'),(245,1,'48','2017-09-03 00:00:00',1,'2017-09-03','00:00:00'),(246,1,'48','2017-09-03 00:00:00',2,'2017-09-03','00:00:00'),(247,1,'48','2017-09-04 00:00:00',1,'2017-09-04','00:00:00'),(248,1,'48','2017-09-04 18:43:00',2,'2017-09-04','18:43:00'),(249,1,'48','2017-09-05 08:29:00',1,'2017-09-05','08:29:00'),(250,1,'48','2017-09-05 18:38:00',2,'2017-09-05','18:38:00'),(251,1,'48','2017-09-06 08:23:00',1,'2017-09-06','08:23:00'),(252,1,'48','2017-09-06 18:34:00',2,'2017-09-06','18:34:00'),(253,1,'48','2017-09-07 08:18:00',1,'2017-09-07','08:18:00'),(254,1,'48','2017-09-07 18:43:00',2,'2017-09-07','18:43:00'),(255,1,'48','2017-09-08 07:48:00',1,'2017-09-08','07:48:00'),(256,1,'48','2017-09-08 18:15:00',2,'2017-09-08','18:15:00'),(257,1,'48','2017-09-09 07:30:00',1,'2017-09-09','07:30:00'),(258,1,'48','2017-09-09 22:06:00',2,'2017-09-09','22:06:00'),(259,1,'48','2017-09-10 07:20:00',1,'2017-09-10','07:20:00'),(260,1,'48','2017-09-10 00:00:00',2,'2017-09-10','00:00:00'),(261,1,'48','2017-09-11 05:52:00',1,'2017-09-11','05:52:00'),(262,1,'48','2017-09-11 16:23:00',2,'2017-09-11','16:23:00'),(263,1,'48','2017-09-12 06:35:00',1,'2017-09-12','06:35:00'),(264,1,'48','2017-09-12 19:17:00',2,'2017-09-12','19:17:00'),(265,1,'48','2017-09-13 06:36:00',1,'2017-09-13','06:36:00'),(266,1,'48','2017-09-13 16:25:00',2,'2017-09-13','16:25:00'),(267,1,'48','2017-09-14 06:39:00',1,'2017-09-14','06:39:00'),(268,1,'48','2017-09-14 19:20:00',2,'2017-09-14','19:20:00'),(269,1,'48','2017-09-15 06:39:00',1,'2017-09-15','06:39:00'),(270,1,'48','2017-09-15 16:35:00',2,'2017-09-15','16:35:00'),(271,1,'48','2017-09-16 00:00:00',1,'2017-09-16','00:00:00'),(272,1,'48','2017-09-16 00:00:00',2,'2017-09-16','00:00:00'),(273,1,'48','2017-09-17 00:00:00',1,'2017-09-17','00:00:00'),(274,1,'48','2017-09-17 00:00:00',2,'2017-09-17','00:00:00'),(275,1,'48','2017-09-18 00:00:00',1,'2017-09-18','00:00:00'),(276,1,'48','2017-09-18 18:45:00',2,'2017-09-18','18:45:00'),(277,1,'48','2017-09-19 07:42:00',1,'2017-09-19','07:42:00'),(278,1,'48','2017-09-19 18:49:00',2,'2017-09-19','18:49:00'),(279,1,'48','2017-09-20 07:41:00',1,'2017-09-20','07:41:00'),(280,1,'48','2017-09-20 18:47:00',2,'2017-09-20','18:47:00'),(281,1,'48','2017-09-21 07:24:00',1,'2017-09-21','07:24:00'),(282,1,'48','2017-09-21 00:00:00',2,'2017-09-21','00:00:00'),(283,1,'48','2017-09-22 00:00:00',1,'2017-09-22','00:00:00'),(284,1,'48','2017-09-22 18:22:00',2,'2017-09-22','18:22:00'),(285,1,'48','2017-09-23 07:16:00',1,'2017-09-23','07:16:00'),(286,1,'48','2017-09-23 00:00:00',2,'2017-09-23','00:00:00'),(287,1,'48','2017-09-24 00:00:00',1,'2017-09-24','00:00:00'),(288,1,'48','2017-09-24 00:00:00',2,'2017-09-24','00:00:00'),(289,1,'48','2017-09-25 07:08:00',1,'2017-09-25','07:08:00'),(290,1,'48','2017-09-25 19:29:00',2,'2017-09-25','19:29:00'),(291,1,'48','2017-09-26 06:36:00',1,'2017-09-26','06:36:00'),(292,1,'48','2017-09-26 16:44:00',2,'2017-09-26','16:44:00'),(293,1,'48','2017-09-27 06:42:00',1,'2017-09-27','06:42:00'),(294,1,'48','2017-09-27 16:28:00',2,'2017-09-27','16:28:00'),(295,1,'48','2017-09-28 06:45:00',1,'2017-09-28','06:45:00'),(296,1,'48','2017-09-28 16:36:00',2,'2017-09-28','16:36:00'),(297,1,'48','2017-09-29 06:37:00',1,'2017-09-29','06:37:00'),(298,1,'48','2017-09-29 16:35:00',2,'2017-09-29','16:35:00'),(299,1,'48','2017-09-30 00:00:00',1,'2017-09-30','00:00:00'),(300,1,'48','2017-09-30 00:00:00',2,'2017-09-30','00:00:00'),(301,1,'61','2017-09-01 00:00:00',1,'2017-09-01','00:00:00'),(302,1,'61','2017-09-01 00:00:00',2,'2017-09-01','00:00:00'),(303,1,'61','2017-09-02 00:00:00',1,'2017-09-02','00:00:00'),(304,1,'61','2017-09-02 00:00:00',2,'2017-09-02','00:00:00'),(305,1,'61','2017-09-03 00:00:00',1,'2017-09-03','00:00:00'),(306,1,'61','2017-09-03 00:00:00',2,'2017-09-03','00:00:00'),(307,1,'61','2017-09-04 00:00:00',1,'2017-09-04','00:00:00'),(308,1,'61','2017-09-04 00:00:00',2,'2017-09-04','00:00:00'),(309,1,'61','2017-09-05 00:00:00',1,'2017-09-05','00:00:00'),(310,1,'61','2017-09-05 00:00:00',2,'2017-09-05','00:00:00'),(311,1,'61','2017-09-06 00:00:00',1,'2017-09-06','00:00:00'),(312,1,'61','2017-09-06 00:00:00',2,'2017-09-06','00:00:00'),(313,1,'61','2017-09-07 00:00:00',1,'2017-09-07','00:00:00'),(314,1,'61','2017-09-07 00:00:00',2,'2017-09-07','00:00:00'),(315,1,'61','2017-09-08 00:00:00',1,'2017-09-08','00:00:00'),(316,1,'61','2017-09-08 00:00:00',2,'2017-09-08','00:00:00'),(317,1,'61','2017-09-09 00:00:00',1,'2017-09-09','00:00:00'),(318,1,'61','2017-09-09 00:00:00',2,'2017-09-09','00:00:00'),(319,1,'61','2017-09-10 00:00:00',1,'2017-09-10','00:00:00'),(320,1,'61','2017-09-10 00:00:00',2,'2017-09-10','00:00:00'),(321,1,'61','2017-09-11 06:38:00',1,'2017-09-11','06:38:00'),(322,1,'61','2017-09-11 16:08:00',2,'2017-09-11','16:08:00'),(323,1,'61','2017-09-12 06:49:00',1,'2017-09-12','06:49:00'),(324,1,'61','2017-09-12 16:08:00',2,'2017-09-12','16:08:00'),(325,1,'61','2017-09-13 06:48:00',1,'2017-09-13','06:48:00'),(326,1,'61','2017-09-13 16:25:00',2,'2017-09-13','16:25:00'),(327,1,'61','2017-09-14 06:43:00',1,'2017-09-14','06:43:00'),(328,1,'61','2017-09-14 16:27:00',2,'2017-09-14','16:27:00'),(329,1,'61','2017-09-15 06:46:00',1,'2017-09-15','06:46:00'),(330,1,'61','2017-09-15 16:49:00',2,'2017-09-15','16:49:00'),(331,1,'61','2017-09-16 00:00:00',1,'2017-09-16','00:00:00'),(332,1,'61','2017-09-16 00:00:00',2,'2017-09-16','00:00:00'),(333,1,'61','2017-09-17 00:00:00',1,'2017-09-17','00:00:00'),(334,1,'61','2017-09-17 00:00:00',2,'2017-09-17','00:00:00'),(335,1,'61','2017-09-18 00:00:00',1,'2017-09-18','00:00:00'),(336,1,'61','2017-09-18 00:00:00',2,'2017-09-18','00:00:00'),(337,1,'61','2017-09-19 06:32:00',1,'2017-09-19','06:32:00'),(338,1,'61','2017-09-19 16:12:00',2,'2017-09-19','16:12:00'),(339,1,'61','2017-09-20 06:35:00',1,'2017-09-20','06:35:00'),(340,1,'61','2017-09-20 16:11:00',2,'2017-09-20','16:11:00'),(341,1,'61','2017-09-21 00:00:00',1,'2017-09-21','00:00:00'),(342,1,'61','2017-09-21 00:00:00',2,'2017-09-21','00:00:00'),(343,1,'61','2017-09-22 00:00:00',1,'2017-09-22','00:00:00'),(344,1,'61','2017-09-22 00:00:00',2,'2017-09-22','00:00:00'),(345,1,'61','2017-09-23 00:00:00',1,'2017-09-23','00:00:00'),(346,1,'61','2017-09-23 00:00:00',2,'2017-09-23','00:00:00'),(347,1,'61','2017-09-24 00:00:00',1,'2017-09-24','00:00:00'),(348,1,'61','2017-09-24 00:00:00',2,'2017-09-24','00:00:00'),(349,1,'61','2017-09-25 00:00:00',1,'2017-09-25','00:00:00'),(350,1,'61','2017-09-25 00:00:00',2,'2017-09-25','00:00:00'),(351,1,'61','2017-09-26 00:00:00',1,'2017-09-26','00:00:00'),(352,1,'61','2017-09-26 00:00:00',2,'2017-09-26','00:00:00'),(353,1,'61','2017-09-27 06:51:00',1,'2017-09-27','06:51:00'),(354,1,'61','2017-09-27 16:23:00',2,'2017-09-27','16:23:00'),(355,1,'61','2017-09-28 07:16:00',1,'2017-09-28','07:16:00'),(356,1,'61','2017-09-28 16:25:00',2,'2017-09-28','16:25:00'),(357,1,'61','2017-09-29 06:46:00',1,'2017-09-29','06:46:00'),(358,1,'61','2017-09-29 16:25:00',2,'2017-09-29','16:25:00'),(359,1,'61','2017-09-30 00:00:00',1,'2017-09-30','00:00:00'),(360,1,'61','2017-09-30 00:00:00',2,'2017-09-30','00:00:00'),(361,1,'64','2017-09-01 05:00:00',1,'2017-09-01','05:00:00'),(362,1,'64','2017-09-01 00:00:00',2,'2017-09-01','00:00:00'),(363,1,'64','2017-09-02 00:00:00',1,'2017-09-02','00:00:00'),(364,1,'64','2017-09-02 00:00:00',2,'2017-09-02','00:00:00'),(365,1,'64','2017-09-03 00:00:00',1,'2017-09-03','00:00:00'),(366,1,'64','2017-09-03 00:00:00',2,'2017-09-03','00:00:00'),(367,1,'64','2017-09-04 06:35:00',1,'2017-09-04','06:35:00'),(368,1,'64','2017-09-04 19:03:00',2,'2017-09-04','19:03:00'),(369,1,'64','2017-09-05 06:34:00',1,'2017-09-05','06:34:00'),(370,1,'64','2017-09-05 19:13:00',2,'2017-09-05','19:13:00'),(371,1,'64','2017-09-06 06:31:00',1,'2017-09-06','06:31:00'),(372,1,'64','2017-09-06 19:20:00',2,'2017-09-06','19:20:00'),(373,1,'64','2017-09-07 06:32:00',1,'2017-09-07','06:32:00'),(374,1,'64','2017-09-07 19:08:00',2,'2017-09-07','19:08:00'),(375,1,'64','2017-09-08 06:28:00',1,'2017-09-08','06:28:00'),(376,1,'64','2017-09-08 19:03:00',2,'2017-09-08','19:03:00'),(377,1,'64','2017-09-09 14:21:00',1,'2017-09-09','14:21:00'),(378,1,'64','2017-09-09 23:03:00',2,'2017-09-09','23:03:00'),(379,1,'64','2017-09-10 00:00:00',1,'2017-09-10','00:00:00'),(380,1,'64','2017-09-10 00:00:00',2,'2017-09-10','00:00:00'),(381,1,'64','2017-09-11 00:00:00',1,'2017-09-11','00:00:00'),(382,1,'64','2017-09-11 18:27:00',2,'2017-09-11','18:27:00'),(383,1,'64','2017-09-12 07:43:00',1,'2017-09-12','07:43:00'),(384,1,'64','2017-09-12 18:23:00',2,'2017-09-12','18:23:00'),(385,1,'64','2017-09-13 07:22:00',1,'2017-09-13','07:22:00'),(386,1,'64','2017-09-13 18:39:00',2,'2017-09-13','18:39:00'),(387,1,'64','2017-09-14 07:44:00',1,'2017-09-14','07:44:00'),(388,1,'64','2017-09-14 18:41:00',2,'2017-09-14','18:41:00'),(389,1,'64','2017-09-15 07:32:00',1,'2017-09-15','07:32:00'),(390,1,'64','2017-09-15 18:50:00',2,'2017-09-15','18:50:00'),(391,1,'64','2017-09-16 07:12:00',1,'2017-09-16','07:12:00'),(392,1,'64','2017-09-16 00:00:00',2,'2017-09-16','00:00:00'),(393,1,'64','2017-09-17 00:00:00',1,'2017-09-17','00:00:00'),(394,1,'64','2017-09-17 00:00:00',2,'2017-09-17','00:00:00'),(395,1,'64','2017-09-18 06:24:00',1,'2017-09-18','06:24:00'),(396,1,'64','2017-09-18 16:41:00',2,'2017-09-18','16:41:00'),(397,1,'64','2017-09-19 06:34:00',1,'2017-09-19','06:34:00'),(398,1,'64','2017-09-19 16:05:00',2,'2017-09-19','16:05:00'),(399,1,'64','2017-09-20 06:36:00',1,'2017-09-20','06:36:00'),(400,1,'64','2017-09-20 19:23:00',2,'2017-09-20','19:23:00'),(401,1,'64','2017-09-21 00:00:00',1,'2017-09-21','00:00:00'),(402,1,'64','2017-09-21 00:00:00',2,'2017-09-21','00:00:00'),(403,1,'64','2017-09-22 06:34:00',1,'2017-09-22','06:34:00'),(404,1,'64','2017-09-22 16:08:00',2,'2017-09-22','16:08:00'),(405,1,'64','2017-09-23 00:00:00',1,'2017-09-23','00:00:00'),(406,1,'64','2017-09-23 00:00:00',2,'2017-09-23','00:00:00'),(407,1,'64','2017-09-24 00:00:00',1,'2017-09-24','00:00:00'),(408,1,'64','2017-09-24 00:00:00',2,'2017-09-24','00:00:00'),(409,1,'64','2017-09-25 00:00:00',1,'2017-09-25','00:00:00'),(410,1,'64','2017-09-25 18:47:00',2,'2017-09-25','18:47:00'),(411,1,'64','2017-09-26 07:32:00',1,'2017-09-26','07:32:00'),(412,1,'64','2017-09-26 21:31:00',2,'2017-09-26','21:31:00'),(413,1,'64','2017-09-27 07:29:00',1,'2017-09-27','07:29:00'),(414,1,'64','2017-09-27 18:42:00',2,'2017-09-27','18:42:00'),(415,1,'64','2017-09-28 07:50:00',1,'2017-09-28','07:50:00'),(416,1,'64','2017-09-28 21:53:00',2,'2017-09-28','21:53:00'),(417,1,'64','2017-09-29 07:37:00',1,'2017-09-29','07:37:00'),(418,1,'64','2017-09-29 18:49:00',2,'2017-09-29','18:49:00'),(419,1,'64','2017-09-30 07:01:00',1,'2017-09-30','07:01:00'),(420,1,'64','2017-09-30 00:00:00',2,'2017-09-30','00:00:00'),(421,1,'68','2017-09-01 00:00:00',1,'2017-09-01','00:00:00'),(422,1,'68','2017-09-01 00:00:00',2,'2017-09-01','00:00:00'),(423,1,'68','2017-09-02 00:00:00',1,'2017-09-02','00:00:00'),(424,1,'68','2017-09-02 00:00:00',2,'2017-09-02','00:00:00'),(425,1,'68','2017-09-03 00:00:00',1,'2017-09-03','00:00:00'),(426,1,'68','2017-09-03 00:00:00',2,'2017-09-03','00:00:00'),(427,1,'68','2017-09-04 00:00:00',1,'2017-09-04','00:00:00'),(428,1,'68','2017-09-04 18:31:00',2,'2017-09-04','18:31:00'),(429,1,'68','2017-09-05 08:29:00',1,'2017-09-05','08:29:00'),(430,1,'68','2017-09-05 21:36:00',2,'2017-09-05','21:36:00'),(431,1,'68','2017-09-06 08:23:00',1,'2017-09-06','08:23:00'),(432,1,'68','2017-09-06 18:33:00',2,'2017-09-06','18:33:00'),(433,1,'68','2017-09-07 08:40:00',1,'2017-09-07','08:40:00'),(434,1,'68','2017-09-07 20:50:00',2,'2017-09-07','20:50:00'),(435,1,'68','2017-09-08 07:39:00',1,'2017-09-08','07:39:00'),(436,1,'68','2017-09-08 19:21:00',2,'2017-09-08','19:21:00'),(437,1,'68','2017-09-09 07:32:00',1,'2017-09-09','07:32:00'),(438,1,'68','2017-09-09 22:09:00',2,'2017-09-09','22:09:00'),(439,1,'68','2017-09-10 07:06:00',1,'2017-09-10','07:06:00'),(440,1,'68','2017-09-10 00:00:00',2,'2017-09-10','00:00:00'),(441,1,'68','2017-09-11 12:49:00',1,'2017-09-11','12:49:00'),(442,1,'68','2017-09-11 22:12:00',2,'2017-09-11','22:12:00'),(443,1,'68','2017-09-12 12:50:00',1,'2017-09-12','12:50:00'),(444,1,'68','2017-09-12 22:26:00',2,'2017-09-12','22:26:00'),(445,1,'68','2017-09-13 12:46:00',1,'2017-09-13','12:46:00'),(446,1,'68','2017-09-13 22:24:00',2,'2017-09-13','22:24:00'),(447,1,'68','2017-09-14 12:31:00',1,'2017-09-14','12:31:00'),(448,1,'68','2017-09-14 23:49:00',2,'2017-09-14','23:49:00'),(449,1,'68','2017-09-15 12:48:00',1,'2017-09-15','12:48:00'),(450,1,'68','2017-09-15 22:10:00',2,'2017-09-15','22:10:00'),(451,1,'68','2017-09-16 00:00:00',1,'2017-09-16','00:00:00'),(452,1,'68','2017-09-16 00:00:00',2,'2017-09-16','00:00:00'),(453,1,'68','2017-09-17 00:00:00',1,'2017-09-17','00:00:00'),(454,1,'68','2017-09-17 00:00:00',2,'2017-09-17','00:00:00'),(455,1,'68','2017-09-18 06:33:00',1,'2017-09-18','06:33:00'),(456,1,'68','2017-09-18 20:32:00',2,'2017-09-18','20:32:00'),(457,1,'68','2017-09-19 06:34:00',1,'2017-09-19','06:34:00'),(458,1,'68','2017-09-19 20:07:00',2,'2017-09-19','20:07:00'),(459,1,'68','2017-09-20 06:40:00',1,'2017-09-20','06:40:00'),(460,1,'68','2017-09-20 19:30:00',2,'2017-09-20','19:30:00'),(461,1,'68','2017-09-21 00:00:00',1,'2017-09-21','00:00:00'),(462,1,'68','2017-09-21 00:00:00',2,'2017-09-21','00:00:00'),(463,1,'68','2017-09-22 06:38:00',1,'2017-09-22','06:38:00'),(464,1,'68','2017-09-22 19:17:00',2,'2017-09-22','19:17:00'),(465,1,'68','2017-09-23 00:00:00',1,'2017-09-23','00:00:00'),(466,1,'68','2017-09-23 00:00:00',2,'2017-09-23','00:00:00'),(467,1,'68','2017-09-24 00:00:00',1,'2017-09-24','00:00:00'),(468,1,'68','2017-09-24 00:00:00',2,'2017-09-24','00:00:00'),(469,1,'68','2017-09-25 00:00:00',1,'2017-09-25','00:00:00'),(470,1,'68','2017-09-25 18:47:00',2,'2017-09-25','18:47:00'),(471,1,'68','2017-09-26 07:20:00',1,'2017-09-26','07:20:00'),(472,1,'68','2017-09-26 18:43:00',2,'2017-09-26','18:43:00'),(473,1,'68','2017-09-27 07:38:00',1,'2017-09-27','07:38:00'),(474,1,'68','2017-09-27 18:42:00',2,'2017-09-27','18:42:00'),(475,1,'68','2017-09-28 07:52:00',1,'2017-09-28','07:52:00'),(476,1,'68','2017-09-28 18:43:00',2,'2017-09-28','18:43:00'),(477,1,'68','2017-09-29 07:37:00',1,'2017-09-29','07:37:00'),(478,1,'68','2017-09-29 18:49:00',2,'2017-09-29','18:49:00'),(479,1,'68','2017-09-30 07:16:00',1,'2017-09-30','07:16:00'),(480,1,'68','2017-09-30 00:00:00',2,'2017-09-30','00:00:00'),(481,1,'70','2017-09-01 00:00:00',1,'2017-09-01','00:00:00'),(482,1,'70','2017-09-01 00:00:00',2,'2017-09-01','00:00:00'),(483,1,'70','2017-09-02 00:00:00',1,'2017-09-02','00:00:00'),(484,1,'70','2017-09-02 00:00:00',2,'2017-09-02','00:00:00'),(485,1,'70','2017-09-03 00:00:00',1,'2017-09-03','00:00:00'),(486,1,'70','2017-09-03 00:00:00',2,'2017-09-03','00:00:00'),(487,1,'70','2017-09-04 06:40:00',1,'2017-09-04','06:40:00'),(488,1,'70','2017-09-04 17:57:00',2,'2017-09-04','17:57:00'),(489,1,'70','2017-09-05 06:45:00',1,'2017-09-05','06:45:00'),(490,1,'70','2017-09-05 16:17:00',2,'2017-09-05','16:17:00'),(491,1,'70','2017-09-06 06:47:00',1,'2017-09-06','06:47:00'),(492,1,'70','2017-09-06 16:22:00',2,'2017-09-06','16:22:00'),(493,1,'70','2017-09-07 06:46:00',1,'2017-09-07','06:46:00'),(494,1,'70','2017-09-07 16:10:00',2,'2017-09-07','16:10:00'),(495,1,'70','2017-09-08 06:46:00',1,'2017-09-08','06:46:00'),(496,1,'70','2017-09-08 17:10:00',2,'2017-09-08','17:10:00'),(497,1,'70','2017-09-09 00:00:00',1,'2017-09-09','00:00:00'),(498,1,'70','2017-09-09 00:00:00',2,'2017-09-09','00:00:00'),(499,1,'70','2017-09-10 00:00:00',1,'2017-09-10','00:00:00'),(500,1,'70','2017-09-10 00:00:00',2,'2017-09-10','00:00:00'),(501,1,'70','2017-09-11 06:41:00',1,'2017-09-11','06:41:00'),(502,1,'70','2017-09-11 16:05:00',2,'2017-09-11','16:05:00'),(503,1,'70','2017-09-12 06:37:00',1,'2017-09-12','06:37:00'),(504,1,'70','2017-09-12 16:07:00',2,'2017-09-12','16:07:00'),(505,1,'70','2017-09-13 06:43:00',1,'2017-09-13','06:43:00'),(506,1,'70','2017-09-13 16:07:00',2,'2017-09-13','16:07:00'),(507,1,'70','2017-09-14 06:39:00',1,'2017-09-14','06:39:00'),(508,1,'70','2017-09-14 16:21:00',2,'2017-09-14','16:21:00'),(509,1,'70','2017-09-15 06:35:00',1,'2017-09-15','06:35:00'),(510,1,'70','2017-09-15 16:13:00',2,'2017-09-15','16:13:00'),(511,1,'70','2017-09-16 07:37:00',1,'2017-09-16','07:37:00'),(512,1,'70','2017-09-16 13:02:00',2,'2017-09-16','13:02:00'),(513,1,'70','2017-09-17 00:00:00',1,'2017-09-17','00:00:00'),(514,1,'70','2017-09-17 00:00:00',2,'2017-09-17','00:00:00'),(515,1,'70','2017-09-18 06:46:00',1,'2017-09-18','06:46:00'),(516,1,'70','2017-09-18 16:12:00',2,'2017-09-18','16:12:00'),(517,1,'70','2017-09-19 06:44:00',1,'2017-09-19','06:44:00'),(518,1,'70','2017-09-19 16:09:00',2,'2017-09-19','16:09:00'),(519,1,'70','2017-09-20 06:47:00',1,'2017-09-20','06:47:00'),(520,1,'70','2017-09-20 16:03:00',2,'2017-09-20','16:03:00'),(521,1,'70','2017-09-21 00:00:00',1,'2017-09-21','00:00:00'),(522,1,'70','2017-09-21 00:00:00',2,'2017-09-21','00:00:00'),(523,1,'70','2017-09-22 06:42:00',1,'2017-09-22','06:42:00'),(524,1,'70','2017-09-22 16:18:00',2,'2017-09-22','16:18:00'),(525,1,'70','2017-09-23 00:00:00',1,'2017-09-23','00:00:00'),(526,1,'70','2017-09-23 00:00:00',2,'2017-09-23','00:00:00'),(527,1,'70','2017-09-24 00:00:00',1,'2017-09-24','00:00:00'),(528,1,'70','2017-09-24 00:00:00',2,'2017-09-24','00:00:00'),(529,1,'70','2017-09-25 06:56:00',1,'2017-09-25','06:56:00'),(530,1,'70','2017-09-25 16:18:00',2,'2017-09-25','16:18:00'),(531,1,'70','2017-09-26 06:50:00',1,'2017-09-26','06:50:00'),(532,1,'70','2017-09-26 16:58:00',2,'2017-09-26','16:58:00'),(533,1,'70','2017-09-27 06:49:00',1,'2017-09-27','06:49:00'),(534,1,'70','2017-09-27 16:01:00',2,'2017-09-27','16:01:00'),(535,1,'70','2017-09-28 00:00:00',1,'2017-09-28','00:00:00'),(536,1,'70','2017-09-28 00:00:00',2,'2017-09-28','00:00:00'),(537,1,'70','2017-09-29 00:00:00',1,'2017-09-29','00:00:00'),(538,1,'70','2017-09-29 00:00:00',2,'2017-09-29','00:00:00'),(539,1,'70','2017-09-30 00:00:00',1,'2017-09-30','00:00:00'),(540,1,'70','2017-09-30 00:00:00',2,'2017-09-30','00:00:00'),(541,1,'81','2017-09-01 05:01:00',1,'2017-09-01','05:01:00'),(542,1,'81','2017-09-01 00:00:00',2,'2017-09-01','00:00:00'),(543,1,'81','2017-09-02 00:00:00',1,'2017-09-02','00:00:00'),(544,1,'81','2017-09-02 00:00:00',2,'2017-09-02','00:00:00'),(545,1,'81','2017-09-03 00:00:00',1,'2017-09-03','00:00:00'),(546,1,'81','2017-09-03 00:00:00',2,'2017-09-03','00:00:00'),(547,1,'81','2017-09-04 00:00:00',1,'2017-09-04','00:00:00'),(548,1,'81','2017-09-04 19:28:00',2,'2017-09-04','19:28:00'),(549,1,'81','2017-09-05 07:47:00',1,'2017-09-05','07:47:00'),(550,1,'81','2017-09-05 19:26:00',2,'2017-09-05','19:26:00'),(551,1,'81','2017-09-06 07:38:00',1,'2017-09-06','07:38:00'),(552,1,'81','2017-09-06 19:47:00',2,'2017-09-06','19:47:00'),(553,1,'81','2017-09-07 05:03:00',1,'2017-09-07','05:03:00'),(554,1,'81','2017-09-07 19:35:00',2,'2017-09-07','19:35:00'),(555,1,'81','2017-09-08 07:22:00',1,'2017-09-08','07:22:00'),(556,1,'81','2017-09-08 19:39:00',2,'2017-09-08','19:39:00'),(557,1,'81','2017-09-09 07:17:00',1,'2017-09-09','07:17:00'),(558,1,'81','2017-09-09 23:05:00',2,'2017-09-09','23:05:00'),(559,1,'81','2017-09-10 00:00:00',1,'2017-09-10','00:00:00'),(560,1,'81','2017-09-10 00:00:00',2,'2017-09-10','00:00:00'),(561,1,'81','2017-09-11 06:26:00',1,'2017-09-11','06:26:00'),(562,1,'81','2017-09-11 19:08:00',2,'2017-09-11','19:08:00'),(563,1,'81','2017-09-12 06:30:00',1,'2017-09-12','06:30:00'),(564,1,'81','2017-09-12 16:09:00',2,'2017-09-12','16:09:00'),(565,1,'81','2017-09-13 06:36:00',1,'2017-09-13','06:36:00'),(566,1,'81','2017-09-13 16:10:00',2,'2017-09-13','16:10:00'),(567,1,'81','2017-09-14 06:39:00',1,'2017-09-14','06:39:00'),(568,1,'81','2017-09-14 19:05:00',2,'2017-09-14','19:05:00'),(569,1,'81','2017-09-15 06:30:00',1,'2017-09-15','06:30:00'),(570,1,'81','2017-09-15 16:07:00',2,'2017-09-15','16:07:00'),(571,1,'81','2017-09-16 06:29:00',1,'2017-09-16','06:29:00'),(572,1,'81','2017-09-16 15:09:00',2,'2017-09-16','15:09:00'),(573,1,'81','2017-09-17 00:00:00',1,'2017-09-17','00:00:00'),(574,1,'81','2017-09-17 00:00:00',2,'2017-09-17','00:00:00'),(575,1,'81','2017-09-18 00:00:00',1,'2017-09-18','00:00:00'),(576,1,'81','2017-09-18 19:41:00',2,'2017-09-18','19:41:00'),(577,1,'81','2017-09-19 07:36:00',1,'2017-09-19','07:36:00'),(578,1,'81','2017-09-19 19:37:00',2,'2017-09-19','19:37:00'),(579,1,'81','2017-09-20 07:28:00',1,'2017-09-20','07:28:00'),(580,1,'81','2017-09-20 19:39:00',2,'2017-09-20','19:39:00'),(581,1,'81','2017-09-21 05:07:00',1,'2017-09-21','05:07:00'),(582,1,'81','2017-09-21 00:00:00',2,'2017-09-21','00:00:00'),(583,1,'81','2017-09-22 00:00:00',1,'2017-09-22','00:00:00'),(584,1,'81','2017-09-22 19:30:00',2,'2017-09-22','19:30:00'),(585,1,'81','2017-09-23 07:06:00',1,'2017-09-23','07:06:00'),(586,1,'81','2017-09-23 00:00:00',2,'2017-09-23','00:00:00'),(587,1,'81','2017-09-24 00:00:00',1,'2017-09-24','00:00:00'),(588,1,'81','2017-09-24 00:00:00',2,'2017-09-24','00:00:00'),(589,1,'81','2017-09-25 06:34:00',1,'2017-09-25','06:34:00'),(590,1,'81','2017-09-25 19:07:00',2,'2017-09-25','19:07:00'),(591,1,'81','2017-09-26 06:39:00',1,'2017-09-26','06:39:00'),(592,1,'81','2017-09-26 16:13:00',2,'2017-09-26','16:13:00'),(593,1,'81','2017-09-27 06:38:00',1,'2017-09-27','06:38:00'),(594,1,'81','2017-09-27 16:23:00',2,'2017-09-27','16:23:00'),(595,1,'81','2017-09-28 06:37:00',1,'2017-09-28','06:37:00'),(596,1,'81','2017-09-28 16:12:00',2,'2017-09-28','16:12:00'),(597,1,'81','2017-09-29 06:29:00',1,'2017-09-29','06:29:00'),(598,1,'81','2017-09-29 16:09:00',2,'2017-09-29','16:09:00'),(599,1,'81','2017-09-30 00:00:00',1,'2017-09-30','00:00:00'),(600,1,'81','2017-09-30 00:00:00',2,'2017-09-30','00:00:00'),(601,1,'82','2017-09-01 00:00:00',1,'2017-09-01','00:00:00'),(602,1,'82','2017-09-01 00:00:00',2,'2017-09-01','00:00:00'),(603,1,'82','2017-09-02 00:00:00',1,'2017-09-02','00:00:00'),(604,1,'82','2017-09-02 00:00:00',2,'2017-09-02','00:00:00'),(605,1,'82','2017-09-03 00:00:00',1,'2017-09-03','00:00:00'),(606,1,'82','2017-09-03 00:00:00',2,'2017-09-03','00:00:00'),(607,1,'82','2017-09-04 06:30:00',1,'2017-09-04','06:30:00'),(608,1,'82','2017-09-04 16:10:00',2,'2017-09-04','16:10:00'),(609,1,'82','2017-09-05 06:33:00',1,'2017-09-05','06:33:00'),(610,1,'82','2017-09-05 19:08:00',2,'2017-09-05','19:08:00'),(611,1,'82','2017-09-06 06:41:00',1,'2017-09-06','06:41:00'),(612,1,'82','2017-09-06 16:07:00',2,'2017-09-06','16:07:00'),(613,1,'82','2017-09-07 06:39:00',1,'2017-09-07','06:39:00'),(614,1,'82','2017-09-07 19:14:00',2,'2017-09-07','19:14:00'),(615,1,'82','2017-09-08 06:39:00',1,'2017-09-08','06:39:00'),(616,1,'82','2017-09-08 16:04:00',2,'2017-09-08','16:04:00'),(617,1,'82','2017-09-09 08:39:00',1,'2017-09-09','08:39:00'),(618,1,'82','2017-09-09 16:09:00',2,'2017-09-09','16:09:00'),(619,1,'82','2017-09-10 00:00:00',1,'2017-09-10','00:00:00'),(620,1,'82','2017-09-10 00:00:00',2,'2017-09-10','00:00:00'),(621,1,'82','2017-09-11 00:00:00',1,'2017-09-11','00:00:00'),(622,1,'82','2017-09-11 21:40:00',2,'2017-09-11','21:40:00'),(623,1,'82','2017-09-12 07:16:00',1,'2017-09-12','07:16:00'),(624,1,'82','2017-09-12 18:35:00',2,'2017-09-12','18:35:00'),(625,1,'82','2017-09-13 07:19:00',1,'2017-09-13','07:19:00'),(626,1,'82','2017-09-13 21:41:00',2,'2017-09-13','21:41:00'),(627,1,'82','2017-09-14 07:17:00',1,'2017-09-14','07:17:00'),(628,1,'82','2017-09-14 18:43:00',2,'2017-09-14','18:43:00'),(629,1,'82','2017-09-15 07:22:00',1,'2017-09-15','07:22:00'),(630,1,'82','2017-09-15 00:00:00',2,'2017-09-15','00:00:00'),(631,1,'82','2017-09-16 00:00:00',1,'2017-09-16','00:00:00'),(632,1,'82','2017-09-16 00:00:00',2,'2017-09-16','00:00:00'),(633,1,'82','2017-09-17 00:00:00',1,'2017-09-17','00:00:00'),(634,1,'82','2017-09-17 00:00:00',2,'2017-09-17','00:00:00'),(635,1,'82','2017-09-18 00:00:00',1,'2017-09-18','00:00:00'),(636,1,'82','2017-09-18 00:00:00',2,'2017-09-18','00:00:00'),(637,1,'82','2017-09-19 00:00:00',1,'2017-09-19','00:00:00'),(638,1,'82','2017-09-19 00:00:00',2,'2017-09-19','00:00:00'),(639,1,'82','2017-09-20 00:00:00',1,'2017-09-20','00:00:00'),(640,1,'82','2017-09-20 00:00:00',2,'2017-09-20','00:00:00'),(641,1,'82','2017-09-21 00:00:00',1,'2017-09-21','00:00:00'),(642,1,'82','2017-09-21 00:00:00',2,'2017-09-21','00:00:00'),(643,1,'82','2017-09-22 12:31:00',1,'2017-09-22','12:31:00'),(644,1,'82','2017-09-22 22:07:00',2,'2017-09-22','22:07:00'),(645,1,'82','2017-09-23 00:00:00',1,'2017-09-23','00:00:00'),(646,1,'82','2017-09-23 00:00:00',2,'2017-09-23','00:00:00'),(647,1,'82','2017-09-24 00:00:00',1,'2017-09-24','00:00:00'),(648,1,'82','2017-09-24 00:00:00',2,'2017-09-24','00:00:00'),(649,1,'82','2017-09-25 06:39:00',1,'2017-09-25','06:39:00'),(650,1,'82','2017-09-25 16:08:00',2,'2017-09-25','16:08:00'),(651,1,'82','2017-09-26 00:00:00',1,'2017-09-26','00:00:00'),(652,1,'82','2017-09-26 00:00:00',2,'2017-09-26','00:00:00'),(653,1,'82','2017-09-27 00:00:00',1,'2017-09-27','00:00:00'),(654,1,'82','2017-09-27 00:00:00',2,'2017-09-27','00:00:00'),(655,1,'82','2017-09-28 00:00:00',1,'2017-09-28','00:00:00'),(656,1,'82','2017-09-28 00:00:00',2,'2017-09-28','00:00:00'),(657,1,'82','2017-09-29 00:00:00',1,'2017-09-29','00:00:00'),(658,1,'82','2017-09-29 00:00:00',2,'2017-09-29','00:00:00'),(659,1,'82','2017-09-30 00:00:00',1,'2017-09-30','00:00:00'),(660,1,'82','2017-09-30 00:00:00',2,'2017-09-30','00:00:00'),(661,1,'84','2017-09-01 00:00:00',1,'2017-09-01','00:00:00'),(662,1,'84','2017-09-01 00:00:00',2,'2017-09-01','00:00:00'),(663,1,'84','2017-09-02 00:00:00',1,'2017-09-02','00:00:00'),(664,1,'84','2017-09-02 00:00:00',2,'2017-09-02','00:00:00'),(665,1,'84','2017-09-03 00:00:00',1,'2017-09-03','00:00:00'),(666,1,'84','2017-09-03 00:00:00',2,'2017-09-03','00:00:00'),(667,1,'84','2017-09-04 12:44:00',1,'2017-09-04','12:44:00'),(668,1,'84','2017-09-04 22:05:00',2,'2017-09-04','22:05:00'),(669,1,'84','2017-09-05 12:44:00',1,'2017-09-05','12:44:00'),(670,1,'84','2017-09-05 22:11:00',2,'2017-09-05','22:11:00'),(671,1,'84','2017-09-06 12:47:00',1,'2017-09-06','12:47:00'),(672,1,'84','2017-09-06 22:09:00',2,'2017-09-06','22:09:00'),(673,1,'84','2017-09-07 12:40:00',1,'2017-09-07','12:40:00'),(674,1,'84','2017-09-07 22:07:00',2,'2017-09-07','22:07:00'),(675,1,'84','2017-09-08 00:00:00',1,'2017-09-08','00:00:00'),(676,1,'84','2017-09-08 00:00:00',2,'2017-09-08','00:00:00'),(677,1,'84','2017-09-09 00:00:00',1,'2017-09-09','00:00:00'),(678,1,'84','2017-09-09 00:00:00',2,'2017-09-09','00:00:00'),(679,1,'84','2017-09-10 00:00:00',1,'2017-09-10','00:00:00'),(680,1,'84','2017-09-10 00:00:00',2,'2017-09-10','00:00:00'),(681,1,'84','2017-09-11 06:30:00',1,'2017-09-11','06:30:00'),(682,1,'84','2017-09-11 16:09:00',2,'2017-09-11','16:09:00'),(683,1,'84','2017-09-12 07:00:00',1,'2017-09-12','07:00:00'),(684,1,'84','2017-09-12 19:05:00',2,'2017-09-12','19:05:00'),(685,1,'84','2017-09-13 06:25:00',1,'2017-09-13','06:25:00'),(686,1,'84','2017-09-13 16:10:00',2,'2017-09-13','16:10:00'),(687,1,'84','2017-09-14 06:31:00',1,'2017-09-14','06:31:00'),(688,1,'84','2017-09-14 19:09:00',2,'2017-09-14','19:09:00'),(689,1,'84','2017-09-15 06:34:00',1,'2017-09-15','06:34:00'),(690,1,'84','2017-09-15 16:07:00',2,'2017-09-15','16:07:00'),(691,1,'84','2017-09-16 00:00:00',1,'2017-09-16','00:00:00'),(692,1,'84','2017-09-16 00:00:00',2,'2017-09-16','00:00:00'),(693,1,'84','2017-09-17 00:00:00',1,'2017-09-17','00:00:00'),(694,1,'84','2017-09-17 00:00:00',2,'2017-09-17','00:00:00'),(695,1,'84','2017-09-18 00:00:00',1,'2017-09-18','00:00:00'),(696,1,'84','2017-09-18 21:19:00',2,'2017-09-18','21:19:00'),(697,1,'84','2017-09-19 07:34:00',1,'2017-09-19','07:34:00'),(698,1,'84','2017-09-19 21:34:00',2,'2017-09-19','21:34:00'),(699,1,'84','2017-09-20 07:26:00',1,'2017-09-20','07:26:00'),(700,1,'84','2017-09-20 21:42:00',2,'2017-09-20','21:42:00'),(701,1,'84','2017-09-21 07:16:00',1,'2017-09-21','07:16:00'),(702,1,'84','2017-09-21 00:00:00',2,'2017-09-21','00:00:00'),(703,1,'84','2017-09-22 00:00:00',1,'2017-09-22','00:00:00'),(704,1,'84','2017-09-22 21:51:00',2,'2017-09-22','21:51:00'),(705,1,'84','2017-09-23 07:10:00',1,'2017-09-23','07:10:00'),(706,1,'84','2017-09-23 00:00:00',2,'2017-09-23','00:00:00'),(707,1,'84','2017-09-24 00:00:00',1,'2017-09-24','00:00:00'),(708,1,'84','2017-09-24 00:00:00',2,'2017-09-24','00:00:00'),(709,1,'84','2017-09-25 00:00:00',1,'2017-09-25','00:00:00'),(710,1,'84','2017-09-25 00:00:00',2,'2017-09-25','00:00:00'),(711,1,'84','2017-09-26 00:00:00',1,'2017-09-26','00:00:00'),(712,1,'84','2017-09-26 00:00:00',2,'2017-09-26','00:00:00'),(713,1,'84','2017-09-27 00:00:00',1,'2017-09-27','00:00:00'),(714,1,'84','2017-09-27 00:00:00',2,'2017-09-27','00:00:00'),(715,1,'84','2017-09-28 00:00:00',1,'2017-09-28','00:00:00'),(716,1,'84','2017-09-28 00:00:00',2,'2017-09-28','00:00:00'),(717,1,'84','2017-09-29 00:00:00',1,'2017-09-29','00:00:00'),(718,1,'84','2017-09-29 00:00:00',2,'2017-09-29','00:00:00'),(719,1,'84','2017-09-30 00:00:00',1,'2017-09-30','00:00:00'),(720,1,'84','2017-09-30 00:00:00',2,'2017-09-30','00:00:00'),(721,1,'93','2017-09-01 00:00:00',1,'2017-09-01','00:00:00'),(722,1,'93','2017-09-01 00:00:00',2,'2017-09-01','00:00:00'),(723,1,'93','2017-09-02 00:00:00',1,'2017-09-02','00:00:00'),(724,1,'93','2017-09-02 00:00:00',2,'2017-09-02','00:00:00'),(725,1,'93','2017-09-03 00:00:00',1,'2017-09-03','00:00:00'),(726,1,'93','2017-09-03 00:00:00',2,'2017-09-03','00:00:00'),(727,1,'93','2017-09-04 06:32:00',1,'2017-09-04','06:32:00'),(728,1,'93','2017-09-04 19:10:00',2,'2017-09-04','19:10:00'),(729,1,'93','2017-09-05 06:21:00',1,'2017-09-05','06:21:00'),(730,1,'93','2017-09-05 16:22:00',2,'2017-09-05','16:22:00'),(731,1,'93','2017-09-06 06:32:00',1,'2017-09-06','06:32:00'),(732,1,'93','2017-09-06 19:14:00',2,'2017-09-06','19:14:00'),(733,1,'93','2017-09-07 06:42:00',1,'2017-09-07','06:42:00'),(734,1,'93','2017-09-07 16:01:00',2,'2017-09-07','16:01:00'),(735,1,'93','2017-09-08 06:33:00',1,'2017-09-08','06:33:00'),(736,1,'93','2017-09-08 19:05:00',2,'2017-09-08','19:05:00'),(737,1,'93','2017-09-09 06:35:00',1,'2017-09-09','06:35:00'),(738,1,'93','2017-09-09 15:06:00',2,'2017-09-09','15:06:00'),(739,1,'93','2017-09-10 00:00:00',1,'2017-09-10','00:00:00'),(740,1,'93','2017-09-10 00:00:00',2,'2017-09-10','00:00:00'),(741,1,'93','2017-09-11 00:00:00',1,'2017-09-11','00:00:00'),(742,1,'93','2017-09-11 18:37:00',2,'2017-09-11','18:37:00'),(743,1,'93','2017-09-12 07:41:00',1,'2017-09-12','07:41:00'),(744,1,'93','2017-09-12 21:41:00',2,'2017-09-12','21:41:00'),(745,1,'93','2017-09-13 07:21:00',1,'2017-09-13','07:21:00'),(746,1,'93','2017-09-13 18:49:00',2,'2017-09-13','18:49:00'),(747,1,'93','2017-09-14 07:35:00',1,'2017-09-14','07:35:00'),(748,1,'93','2017-09-14 21:44:00',2,'2017-09-14','21:44:00'),(749,1,'93','2017-09-15 07:33:00',1,'2017-09-15','07:33:00'),(750,1,'93','2017-09-15 18:55:00',2,'2017-09-15','18:55:00'),(751,1,'93','2017-09-16 07:13:00',1,'2017-09-16','07:13:00'),(752,1,'93','2017-09-16 00:00:00',2,'2017-09-16','00:00:00'),(753,1,'93','2017-09-17 00:00:00',1,'2017-09-17','00:00:00'),(754,1,'93','2017-09-17 00:00:00',2,'2017-09-17','00:00:00'),(755,1,'93','2017-09-18 12:29:00',1,'2017-09-18','12:29:00'),(756,1,'93','2017-09-18 22:19:00',2,'2017-09-18','22:19:00'),(757,1,'93','2017-09-19 12:28:00',1,'2017-09-19','12:28:00'),(758,1,'93','2017-09-19 22:24:00',2,'2017-09-19','22:24:00'),(759,1,'93','2017-09-20 12:32:00',1,'2017-09-20','12:32:00'),(760,1,'93','2017-09-20 22:32:00',2,'2017-09-20','22:32:00'),(761,1,'93','2017-09-21 00:00:00',1,'2017-09-21','00:00:00'),(762,1,'93','2017-09-21 00:00:00',2,'2017-09-21','00:00:00'),(763,1,'93','2017-09-22 12:36:00',1,'2017-09-22','12:36:00'),(764,1,'93','2017-09-22 22:24:00',2,'2017-09-22','22:24:00'),(765,1,'93','2017-09-23 00:00:00',1,'2017-09-23','00:00:00'),(766,1,'93','2017-09-23 00:00:00',2,'2017-09-23','00:00:00'),(767,1,'93','2017-09-24 00:00:00',1,'2017-09-24','00:00:00'),(768,1,'93','2017-09-24 00:00:00',2,'2017-09-24','00:00:00'),(769,1,'93','2017-09-25 05:47:00',1,'2017-09-25','05:47:00'),(770,1,'93','2017-09-25 16:10:00',2,'2017-09-25','16:10:00'),(771,1,'93','2017-09-26 06:37:00',1,'2017-09-26','06:37:00'),(772,1,'93','2017-09-26 19:16:00',2,'2017-09-26','19:16:00'),(773,1,'93','2017-09-27 06:42:00',1,'2017-09-27','06:42:00'),(774,1,'93','2017-09-27 19:19:00',2,'2017-09-27','19:19:00'),(775,1,'93','2017-09-28 06:40:00',1,'2017-09-28','06:40:00'),(776,1,'93','2017-09-28 19:13:00',2,'2017-09-28','19:13:00'),(777,1,'93','2017-09-29 06:40:00',1,'2017-09-29','06:40:00'),(778,1,'93','2017-09-29 19:12:00',2,'2017-09-29','19:12:00'),(779,1,'93','2017-09-30 00:00:00',1,'2017-09-30','00:00:00'),(780,1,'93','2017-09-30 00:00:00',2,'2017-09-30','00:00:00'),(781,1,'94','2017-09-01 00:00:00',1,'2017-09-01','00:00:00'),(782,1,'94','2017-09-01 00:00:00',2,'2017-09-01','00:00:00'),(783,1,'94','2017-09-02 00:00:00',1,'2017-09-02','00:00:00'),(784,1,'94','2017-09-02 00:00:00',2,'2017-09-02','00:00:00'),(785,1,'94','2017-09-03 00:00:00',1,'2017-09-03','00:00:00'),(786,1,'94','2017-09-03 00:00:00',2,'2017-09-03','00:00:00'),(787,1,'94','2017-09-04 06:32:00',1,'2017-09-04','06:32:00'),(788,1,'94','2017-09-04 16:10:00',2,'2017-09-04','16:10:00'),(789,1,'94','2017-09-05 06:20:00',1,'2017-09-05','06:20:00'),(790,1,'94','2017-09-05 16:07:00',2,'2017-09-05','16:07:00'),(791,1,'94','2017-09-06 06:19:00',1,'2017-09-06','06:19:00'),(792,1,'94','2017-09-06 16:12:00',2,'2017-09-06','16:12:00'),(793,1,'94','2017-09-07 06:29:00',1,'2017-09-07','06:29:00'),(794,1,'94','2017-09-07 19:07:00',2,'2017-09-07','19:07:00'),(795,1,'94','2017-09-08 06:18:00',1,'2017-09-08','06:18:00'),(796,1,'94','2017-09-08 16:06:00',2,'2017-09-08','16:06:00'),(797,1,'94','2017-09-09 06:40:00',1,'2017-09-09','06:40:00'),(798,1,'94','2017-09-09 15:04:00',2,'2017-09-09','15:04:00'),(799,1,'94','2017-09-10 00:00:00',1,'2017-09-10','00:00:00'),(800,1,'94','2017-09-10 00:00:00',2,'2017-09-10','00:00:00'),(801,1,'94','2017-09-11 00:00:00',1,'2017-09-11','00:00:00'),(802,1,'94','2017-09-11 19:32:00',2,'2017-09-11','19:32:00'),(803,1,'94','2017-09-12 07:14:00',1,'2017-09-12','07:14:00'),(804,1,'94','2017-09-12 19:30:00',2,'2017-09-12','19:30:00'),(805,1,'94','2017-09-13 07:18:00',1,'2017-09-13','07:18:00'),(806,1,'94','2017-09-13 19:18:00',2,'2017-09-13','19:18:00'),(807,1,'94','2017-09-14 05:06:00',1,'2017-09-14','05:06:00'),(808,1,'94','2017-09-14 19:30:00',2,'2017-09-14','19:30:00'),(809,1,'94','2017-09-15 07:28:00',1,'2017-09-15','07:28:00'),(810,1,'94','2017-09-15 19:16:00',2,'2017-09-15','19:16:00'),(811,1,'94','2017-09-16 07:06:00',1,'2017-09-16','07:06:00'),(812,1,'94','2017-09-16 00:00:00',2,'2017-09-16','00:00:00'),(813,1,'94','2017-09-17 00:00:00',1,'2017-09-17','00:00:00'),(814,1,'94','2017-09-17 00:00:00',2,'2017-09-17','00:00:00'),(815,1,'94','2017-09-18 06:21:00',1,'2017-09-18','06:21:00'),(816,1,'94','2017-09-18 19:04:00',2,'2017-09-18','19:04:00'),(817,1,'94','2017-09-19 06:26:00',1,'2017-09-19','06:26:00'),(818,1,'94','2017-09-19 16:06:00',2,'2017-09-19','16:06:00'),(819,1,'94','2017-09-20 06:22:00',1,'2017-09-20','06:22:00'),(820,1,'94','2017-09-20 16:06:00',2,'2017-09-20','16:06:00'),(821,1,'94','2017-09-21 00:00:00',1,'2017-09-21','00:00:00'),(822,1,'94','2017-09-21 00:00:00',2,'2017-09-21','00:00:00'),(823,1,'94','2017-09-22 06:28:00',1,'2017-09-22','06:28:00'),(824,1,'94','2017-09-22 16:16:00',2,'2017-09-22','16:16:00'),(825,1,'94','2017-09-23 00:00:00',1,'2017-09-23','00:00:00'),(826,1,'94','2017-09-23 00:00:00',2,'2017-09-23','00:00:00'),(827,1,'94','2017-09-24 00:00:00',1,'2017-09-24','00:00:00'),(828,1,'94','2017-09-24 00:00:00',2,'2017-09-24','00:00:00'),(829,1,'94','2017-09-25 00:00:00',1,'2017-09-25','00:00:00'),(830,1,'94','2017-09-25 19:28:00',2,'2017-09-25','19:28:00'),(831,1,'94','2017-09-26 07:29:00',1,'2017-09-26','07:29:00'),(832,1,'94','2017-09-26 19:55:00',2,'2017-09-26','19:55:00'),(833,1,'94','2017-09-27 07:28:00',1,'2017-09-27','07:28:00'),(834,1,'94','2017-09-27 19:34:00',2,'2017-09-27','19:34:00'),(835,1,'94','2017-09-28 05:05:00',1,'2017-09-28','05:05:00'),(836,1,'94','2017-09-28 19:34:00',2,'2017-09-28','19:34:00'),(837,1,'94','2017-09-29 07:25:00',1,'2017-09-29','07:25:00'),(838,1,'94','2017-09-29 19:37:00',2,'2017-09-29','19:37:00'),(839,1,'94','2017-09-30 05:04:00',1,'2017-09-30','05:04:00'),(840,1,'94','2017-09-30 00:00:00',2,'2017-09-30','00:00:00'),(841,1,'95','2017-09-01 00:00:00',1,'2017-09-01','00:00:00'),(842,1,'95','2017-09-01 00:00:00',2,'2017-09-01','00:00:00'),(843,1,'95','2017-09-02 00:00:00',1,'2017-09-02','00:00:00'),(844,1,'95','2017-09-02 00:00:00',2,'2017-09-02','00:00:00'),(845,1,'95','2017-09-03 00:00:00',1,'2017-09-03','00:00:00'),(846,1,'95','2017-09-03 00:00:00',2,'2017-09-03','00:00:00'),(847,1,'95','2017-09-04 06:47:00',1,'2017-09-04','06:47:00'),(848,1,'95','2017-09-04 16:27:00',2,'2017-09-04','16:27:00'),(849,1,'95','2017-09-05 06:33:00',1,'2017-09-05','06:33:00'),(850,1,'95','2017-09-05 19:57:00',2,'2017-09-05','19:57:00'),(851,1,'95','2017-09-06 06:40:00',1,'2017-09-06','06:40:00'),(852,1,'95','2017-09-06 16:23:00',2,'2017-09-06','16:23:00'),(853,1,'95','2017-09-07 06:36:00',1,'2017-09-07','06:36:00'),(854,1,'95','2017-09-07 16:48:00',2,'2017-09-07','16:48:00'),(855,1,'95','2017-09-08 06:27:00',1,'2017-09-08','06:27:00'),(856,1,'95','2017-09-08 19:31:00',2,'2017-09-08','19:31:00'),(857,1,'95','2017-09-09 00:00:00',1,'2017-09-09','00:00:00'),(858,1,'95','2017-09-09 00:00:00',2,'2017-09-09','00:00:00'),(859,1,'95','2017-09-10 00:00:00',1,'2017-09-10','00:00:00'),(860,1,'95','2017-09-10 00:00:00',2,'2017-09-10','00:00:00'),(861,1,'95','2017-09-11 06:32:00',1,'2017-09-11','06:32:00'),(862,1,'95','2017-09-11 16:10:00',2,'2017-09-11','16:10:00'),(863,1,'95','2017-09-12 06:46:00',1,'2017-09-12','06:46:00'),(864,1,'95','2017-09-12 16:09:00',2,'2017-09-12','16:09:00'),(865,1,'95','2017-09-13 06:38:00',1,'2017-09-13','06:38:00'),(866,1,'95','2017-09-13 19:43:00',2,'2017-09-13','19:43:00'),(867,1,'95','2017-09-14 06:36:00',1,'2017-09-14','06:36:00'),(868,1,'95','2017-09-14 16:24:00',2,'2017-09-14','16:24:00'),(869,1,'95','2017-09-15 06:33:00',1,'2017-09-15','06:33:00'),(870,1,'95','2017-09-15 16:07:00',2,'2017-09-15','16:07:00'),(871,1,'95','2017-09-16 00:00:00',1,'2017-09-16','00:00:00'),(872,1,'95','2017-09-16 00:00:00',2,'2017-09-16','00:00:00'),(873,1,'95','2017-09-17 00:00:00',1,'2017-09-17','00:00:00'),(874,1,'95','2017-09-17 00:00:00',2,'2017-09-17','00:00:00'),(875,1,'95','2017-09-18 06:18:00',1,'2017-09-18','06:18:00'),(876,1,'95','2017-09-18 16:12:00',2,'2017-09-18','16:12:00'),(877,1,'95','2017-09-19 06:32:00',1,'2017-09-19','06:32:00'),(878,1,'95','2017-09-19 16:12:00',2,'2017-09-19','16:12:00'),(879,1,'95','2017-09-20 06:37:00',1,'2017-09-20','06:37:00'),(880,1,'95','2017-09-20 16:17:00',2,'2017-09-20','16:17:00'),(881,1,'95','2017-09-21 00:00:00',1,'2017-09-21','00:00:00'),(882,1,'95','2017-09-21 00:00:00',2,'2017-09-21','00:00:00'),(883,1,'95','2017-09-22 06:41:00',1,'2017-09-22','06:41:00'),(884,1,'95','2017-09-22 16:24:00',2,'2017-09-22','16:24:00'),(885,1,'95','2017-09-23 00:00:00',1,'2017-09-23','00:00:00'),(886,1,'95','2017-09-23 00:00:00',2,'2017-09-23','00:00:00'),(887,1,'95','2017-09-24 00:00:00',1,'2017-09-24','00:00:00'),(888,1,'95','2017-09-24 00:00:00',2,'2017-09-24','00:00:00'),(889,1,'95','2017-09-25 06:48:00',1,'2017-09-25','06:48:00'),(890,1,'95','2017-09-25 19:09:00',2,'2017-09-25','19:09:00'),(891,1,'95','2017-09-26 06:46:00',1,'2017-09-26','06:46:00'),(892,1,'95','2017-09-26 16:46:00',2,'2017-09-26','16:46:00'),(893,1,'95','2017-09-27 06:42:00',1,'2017-09-27','06:42:00'),(894,1,'95','2017-09-27 16:23:00',2,'2017-09-27','16:23:00'),(895,1,'95','2017-09-28 06:40:00',1,'2017-09-28','06:40:00'),(896,1,'95','2017-09-28 16:26:00',2,'2017-09-28','16:26:00'),(897,1,'95','2017-09-29 06:42:00',1,'2017-09-29','06:42:00'),(898,1,'95','2017-09-29 19:17:00',2,'2017-09-29','19:17:00'),(899,1,'95','2017-09-30 00:00:00',1,'2017-09-30','00:00:00'),(900,1,'95','2017-09-30 00:00:00',2,'2017-09-30','00:00:00'),(901,1,'96','2017-09-01 00:00:00',1,'2017-09-01','00:00:00'),(902,1,'96','2017-09-01 00:00:00',2,'2017-09-01','00:00:00'),(903,1,'96','2017-09-02 00:00:00',1,'2017-09-02','00:00:00'),(904,1,'96','2017-09-02 00:00:00',2,'2017-09-02','00:00:00'),(905,1,'96','2017-09-03 00:00:00',1,'2017-09-03','00:00:00'),(906,1,'96','2017-09-03 00:00:00',2,'2017-09-03','00:00:00'),(907,1,'96','2017-09-04 06:31:00',1,'2017-09-04','06:31:00'),(908,1,'96','2017-09-04 16:00:00',2,'2017-09-04','16:00:00'),(909,1,'96','2017-09-05 06:16:00',1,'2017-09-05','06:16:00'),(910,1,'96','2017-09-05 16:04:00',2,'2017-09-05','16:04:00'),(911,1,'96','2017-09-06 06:14:00',1,'2017-09-06','06:14:00'),(912,1,'96','2017-09-06 16:06:00',2,'2017-09-06','16:06:00'),(913,1,'96','2017-09-07 06:14:00',1,'2017-09-07','06:14:00'),(914,1,'96','2017-09-07 11:10:00',2,'2017-09-07','11:10:00'),(915,1,'96','2017-09-08 06:21:00',1,'2017-09-08','06:21:00'),(916,1,'96','2017-09-08 16:00:00',2,'2017-09-08','16:00:00'),(917,1,'96','2017-09-09 00:00:00',1,'2017-09-09','00:00:00'),(918,1,'96','2017-09-09 00:00:00',2,'2017-09-09','00:00:00'),(919,1,'96','2017-09-10 00:00:00',1,'2017-09-10','00:00:00'),(920,1,'96','2017-09-10 00:00:00',2,'2017-09-10','00:00:00'),(921,1,'96','2017-09-11 06:17:00',1,'2017-09-11','06:17:00'),(922,1,'96','2017-09-11 16:09:00',2,'2017-09-11','16:09:00'),(923,1,'96','2017-09-12 06:19:00',1,'2017-09-12','06:19:00'),(924,1,'96','2017-09-12 16:07:00',2,'2017-09-12','16:07:00'),(925,1,'96','2017-09-13 06:22:00',1,'2017-09-13','06:22:00'),(926,1,'96','2017-09-13 16:06:00',2,'2017-09-13','16:06:00'),(927,1,'96','2017-09-14 06:18:00',1,'2017-09-14','06:18:00'),(928,1,'96','2017-09-14 16:09:00',2,'2017-09-14','16:09:00'),(929,1,'96','2017-09-15 06:04:00',1,'2017-09-15','06:04:00'),(930,1,'96','2017-09-15 16:29:00',2,'2017-09-15','16:29:00'),(931,1,'96','2017-09-16 00:00:00',1,'2017-09-16','00:00:00'),(932,1,'96','2017-09-16 00:00:00',2,'2017-09-16','00:00:00'),(933,1,'96','2017-09-17 00:00:00',1,'2017-09-17','00:00:00'),(934,1,'96','2017-09-17 00:00:00',2,'2017-09-17','00:00:00'),(935,1,'96','2017-09-18 06:30:00',1,'2017-09-18','06:30:00'),(936,1,'96','2017-09-18 16:11:00',2,'2017-09-18','16:11:00'),(937,1,'96','2017-09-19 06:18:00',1,'2017-09-19','06:18:00'),(938,1,'96','2017-09-19 16:10:00',2,'2017-09-19','16:10:00'),(939,1,'96','2017-09-20 06:20:00',1,'2017-09-20','06:20:00'),(940,1,'96','2017-09-20 16:06:00',2,'2017-09-20','16:06:00'),(941,1,'96','2017-09-21 00:00:00',1,'2017-09-21','00:00:00'),(942,1,'96','2017-09-21 00:00:00',2,'2017-09-21','00:00:00'),(943,1,'96','2017-09-22 06:28:00',1,'2017-09-22','06:28:00'),(944,1,'96','2017-09-22 16:30:00',2,'2017-09-22','16:30:00'),(945,1,'96','2017-09-23 00:00:00',1,'2017-09-23','00:00:00'),(946,1,'96','2017-09-23 00:00:00',2,'2017-09-23','00:00:00'),(947,1,'96','2017-09-24 00:00:00',1,'2017-09-24','00:00:00'),(948,1,'96','2017-09-24 00:00:00',2,'2017-09-24','00:00:00'),(949,1,'96','2017-09-25 00:00:00',1,'2017-09-25','00:00:00'),(950,1,'96','2017-09-25 21:46:00',2,'2017-09-25','21:46:00'),(951,1,'96','2017-09-26 07:16:00',1,'2017-09-26','07:16:00'),(952,1,'96','2017-09-26 21:55:00',2,'2017-09-26','21:55:00'),(953,1,'96','2017-09-27 07:28:00',1,'2017-09-27','07:28:00'),(954,1,'96','2017-09-27 21:58:00',2,'2017-09-27','21:58:00'),(955,1,'96','2017-09-28 07:45:00',1,'2017-09-28','07:45:00'),(956,1,'96','2017-09-28 18:52:00',2,'2017-09-28','18:52:00'),(957,1,'96','2017-09-29 07:34:00',1,'2017-09-29','07:34:00'),(958,1,'96','2017-09-29 22:00:00',2,'2017-09-29','22:00:00'),(959,1,'96','2017-09-30 07:01:00',1,'2017-09-30','07:01:00'),(960,1,'96','2017-09-30 00:00:00',2,'2017-09-30','00:00:00'),(961,1,'97','2017-09-01 04:03:00',1,'2017-09-01','04:03:00'),(962,1,'97','2017-09-01 00:00:00',2,'2017-09-01','00:00:00'),(963,1,'97','2017-09-02 00:00:00',1,'2017-09-02','00:00:00'),(964,1,'97','2017-09-02 00:00:00',2,'2017-09-02','00:00:00'),(965,1,'97','2017-09-03 00:00:00',1,'2017-09-03','00:00:00'),(966,1,'97','2017-09-03 00:00:00',2,'2017-09-03','00:00:00'),(967,1,'97','2017-09-04 12:25:00',1,'2017-09-04','12:25:00'),(968,1,'97','2017-09-04 22:06:00',2,'2017-09-04','22:06:00'),(969,1,'97','2017-09-05 12:30:00',1,'2017-09-05','12:30:00'),(970,1,'97','2017-09-05 22:13:00',2,'2017-09-05','22:13:00'),(971,1,'97','2017-09-06 12:24:00',1,'2017-09-06','12:24:00'),(972,1,'97','2017-09-06 22:10:00',2,'2017-09-06','22:10:00'),(973,1,'97','2017-09-07 12:32:00',1,'2017-09-07','12:32:00'),(974,1,'97','2017-09-07 22:08:00',2,'2017-09-07','22:08:00'),(975,1,'97','2017-09-08 12:28:00',1,'2017-09-08','12:28:00'),(976,1,'97','2017-09-08 22:02:00',2,'2017-09-08','22:02:00'),(977,1,'97','2017-09-09 14:28:00',1,'2017-09-09','14:28:00'),(978,1,'97','2017-09-09 23:05:00',2,'2017-09-09','23:05:00'),(979,1,'97','2017-09-10 00:00:00',1,'2017-09-10','00:00:00'),(980,1,'97','2017-09-10 00:00:00',2,'2017-09-10','00:00:00'),(981,1,'97','2017-09-11 06:26:00',1,'2017-09-11','06:26:00'),(982,1,'97','2017-09-11 19:09:00',2,'2017-09-11','19:09:00'),(983,1,'97','2017-09-12 06:36:00',1,'2017-09-12','06:36:00'),(984,1,'97','2017-09-12 16:09:00',2,'2017-09-12','16:09:00'),(985,1,'97','2017-09-13 06:36:00',1,'2017-09-13','06:36:00'),(986,1,'97','2017-09-13 19:19:00',2,'2017-09-13','19:19:00'),(987,1,'97','2017-09-14 00:00:00',1,'2017-09-14','00:00:00'),(988,1,'97','2017-09-14 00:00:00',2,'2017-09-14','00:00:00'),(989,1,'97','2017-09-15 00:00:00',1,'2017-09-15','00:00:00'),(990,1,'97','2017-09-15 00:00:00',2,'2017-09-15','00:00:00'),(991,1,'97','2017-09-16 00:00:00',1,'2017-09-16','00:00:00'),(992,1,'97','2017-09-16 00:00:00',2,'2017-09-16','00:00:00'),(993,1,'97','2017-09-17 00:00:00',1,'2017-09-17','00:00:00'),(994,1,'97','2017-09-17 00:00:00',2,'2017-09-17','00:00:00'),(995,1,'97','2017-09-18 00:00:00',1,'2017-09-18','00:00:00'),(996,1,'97','2017-09-18 18:37:00',2,'2017-09-18','18:37:00'),(997,1,'97','2017-09-19 07:53:00',1,'2017-09-19','07:53:00'),(998,1,'97','2017-09-19 18:30:00',2,'2017-09-19','18:30:00'),(999,1,'97','2017-09-20 07:19:00',1,'2017-09-20','07:19:00'),(1000,1,'97','2017-09-20 18:32:00',2,'2017-09-20','18:32:00'),(1001,1,'97','2017-09-21 07:14:00',1,'2017-09-21','07:14:00'),(1002,1,'97','2017-09-21 00:00:00',2,'2017-09-21','00:00:00'),(1003,1,'97','2017-09-22 00:00:00',1,'2017-09-22','00:00:00'),(1004,1,'97','2017-09-22 00:00:00',2,'2017-09-22','00:00:00'),(1005,1,'97','2017-09-23 07:09:00',1,'2017-09-23','07:09:00'),(1006,1,'97','2017-09-23 00:00:00',2,'2017-09-23','00:00:00'),(1007,1,'97','2017-09-24 00:00:00',1,'2017-09-24','00:00:00'),(1008,1,'97','2017-09-24 00:00:00',2,'2017-09-24','00:00:00'),(1009,1,'97','2017-09-25 12:13:00',1,'2017-09-25','12:13:00'),(1010,1,'97','2017-09-25 22:10:00',2,'2017-09-25','22:10:00'),(1011,1,'97','2017-09-26 12:42:00',1,'2017-09-26','12:42:00'),(1012,1,'97','2017-09-26 22:08:00',2,'2017-09-26','22:08:00'),(1013,1,'97','2017-09-27 12:34:00',1,'2017-09-27','12:34:00'),(1014,1,'97','2017-09-27 22:07:00',2,'2017-09-27','22:07:00'),(1015,1,'97','2017-09-28 12:31:00',1,'2017-09-28','12:31:00'),(1016,1,'97','2017-09-28 22:08:00',2,'2017-09-28','22:08:00'),(1017,1,'97','2017-09-29 12:33:00',1,'2017-09-29','12:33:00'),(1018,1,'97','2017-09-29 22:06:00',2,'2017-09-29','22:06:00'),(1019,1,'97','2017-09-30 00:00:00',1,'2017-09-30','00:00:00'),(1020,1,'97','2017-09-30 00:00:00',2,'2017-09-30','00:00:00'),(1021,1,'98','2017-09-01 00:00:00',1,'2017-09-01','00:00:00'),(1022,1,'98','2017-09-01 00:00:00',2,'2017-09-01','00:00:00'),(1023,1,'98','2017-09-02 00:00:00',1,'2017-09-02','00:00:00'),(1024,1,'98','2017-09-02 00:00:00',2,'2017-09-02','00:00:00'),(1025,1,'98','2017-09-03 00:00:00',1,'2017-09-03','00:00:00'),(1026,1,'98','2017-09-03 00:00:00',2,'2017-09-03','00:00:00'),(1027,1,'98','2017-09-04 00:00:00',1,'2017-09-04','00:00:00'),(1028,1,'98','2017-09-04 21:50:00',2,'2017-09-04','21:50:00'),(1029,1,'98','2017-09-05 08:01:00',1,'2017-09-05','08:01:00'),(1030,1,'98','2017-09-05 18:39:00',2,'2017-09-05','18:39:00'),(1031,1,'98','2017-09-06 07:59:00',1,'2017-09-06','07:59:00'),(1032,1,'98','2017-09-06 21:39:00',2,'2017-09-06','21:39:00'),(1033,1,'98','2017-09-07 07:30:00',1,'2017-09-07','07:30:00'),(1034,1,'98','2017-09-07 18:32:00',2,'2017-09-07','18:32:00'),(1035,1,'98','2017-09-08 07:20:00',1,'2017-09-08','07:20:00'),(1036,1,'98','2017-09-08 21:12:00',2,'2017-09-08','21:12:00'),(1037,1,'98','2017-09-09 07:16:00',1,'2017-09-09','07:16:00'),(1038,1,'98','2017-09-09 22:50:00',2,'2017-09-09','22:50:00'),(1039,1,'98','2017-09-10 07:06:00',1,'2017-09-10','07:06:00'),(1040,1,'98','2017-09-10 00:00:00',2,'2017-09-10','00:00:00'),(1041,1,'98','2017-09-11 00:00:00',1,'2017-09-11','00:00:00'),(1042,1,'98','2017-09-11 22:08:00',2,'2017-09-11','22:08:00'),(1043,1,'98','2017-09-12 12:42:00',1,'2017-09-12','12:42:00'),(1044,1,'98','2017-09-12 22:15:00',2,'2017-09-12','22:15:00'),(1045,1,'98','2017-09-13 12:42:00',1,'2017-09-13','12:42:00'),(1046,1,'98','2017-09-13 22:24:00',2,'2017-09-13','22:24:00'),(1047,1,'98','2017-09-14 00:00:00',1,'2017-09-14','00:00:00'),(1048,1,'98','2017-09-14 00:00:00',2,'2017-09-14','00:00:00'),(1049,1,'98','2017-09-15 00:00:00',1,'2017-09-15','00:00:00'),(1050,1,'98','2017-09-15 14:40:00',2,'2017-09-15','14:40:00'),(1051,1,'98','2017-09-16 00:00:00',1,'2017-09-16','00:00:00'),(1052,1,'98','2017-09-16 00:00:00',2,'2017-09-16','00:00:00'),(1053,1,'98','2017-09-17 00:00:00',1,'2017-09-17','00:00:00'),(1054,1,'98','2017-09-17 00:00:00',2,'2017-09-17','00:00:00'),(1055,1,'98','2017-09-18 00:00:00',1,'2017-09-18','00:00:00'),(1056,1,'98','2017-09-18 00:00:00',2,'2017-09-18','00:00:00'),(1057,1,'98','2017-09-19 00:00:00',1,'2017-09-19','00:00:00'),(1058,1,'98','2017-09-19 00:00:00',2,'2017-09-19','00:00:00'),(1059,1,'98','2017-09-20 00:00:00',1,'2017-09-20','00:00:00'),(1060,1,'98','2017-09-20 00:00:00',2,'2017-09-20','00:00:00'),(1061,1,'98','2017-09-21 00:00:00',1,'2017-09-21','00:00:00'),(1062,1,'98','2017-09-21 00:00:00',2,'2017-09-21','00:00:00'),(1063,1,'98','2017-09-22 00:00:00',1,'2017-09-22','00:00:00'),(1064,1,'98','2017-09-22 00:00:00',2,'2017-09-22','00:00:00'),(1065,1,'98','2017-09-23 00:00:00',1,'2017-09-23','00:00:00'),(1066,1,'98','2017-09-23 00:00:00',2,'2017-09-23','00:00:00'),(1067,1,'98','2017-09-24 00:00:00',1,'2017-09-24','00:00:00'),(1068,1,'98','2017-09-24 00:00:00',2,'2017-09-24','00:00:00'),(1069,1,'98','2017-09-25 00:00:00',1,'2017-09-25','00:00:00'),(1070,1,'98','2017-09-25 00:00:00',2,'2017-09-25','00:00:00'),(1071,1,'98','2017-09-26 00:00:00',1,'2017-09-26','00:00:00'),(1072,1,'98','2017-09-26 00:00:00',2,'2017-09-26','00:00:00'),(1073,1,'98','2017-09-27 00:00:00',1,'2017-09-27','00:00:00'),(1074,1,'98','2017-09-27 00:00:00',2,'2017-09-27','00:00:00'),(1075,1,'98','2017-09-28 00:00:00',1,'2017-09-28','00:00:00'),(1076,1,'98','2017-09-28 00:00:00',2,'2017-09-28','00:00:00'),(1077,1,'98','2017-09-29 00:00:00',1,'2017-09-29','00:00:00'),(1078,1,'98','2017-09-29 00:00:00',2,'2017-09-29','00:00:00'),(1079,1,'98','2017-09-30 00:00:00',1,'2017-09-30','00:00:00'),(1080,1,'98','2017-09-30 00:00:00',2,'2017-09-30','00:00:00'),(1081,1,'99','2017-09-01 05:01:00',1,'2017-09-01','05:01:00'),(1082,1,'99','2017-09-01 00:00:00',2,'2017-09-01','00:00:00'),(1083,1,'99','2017-09-02 00:00:00',1,'2017-09-02','00:00:00'),(1084,1,'99','2017-09-02 00:00:00',2,'2017-09-02','00:00:00'),(1085,1,'99','2017-09-03 00:00:00',1,'2017-09-03','00:00:00'),(1086,1,'99','2017-09-03 00:00:00',2,'2017-09-03','00:00:00'),(1087,1,'99','2017-09-04 06:33:00',1,'2017-09-04','06:33:00'),(1088,1,'99','2017-09-04 16:13:00',2,'2017-09-04','16:13:00'),(1089,1,'99','2017-09-05 06:29:00',1,'2017-09-05','06:29:00'),(1090,1,'99','2017-09-05 19:06:00',2,'2017-09-05','19:06:00'),(1091,1,'99','2017-09-06 00:00:00',1,'2017-09-06','00:00:00'),(1092,1,'99','2017-09-06 00:00:00',2,'2017-09-06','00:00:00'),(1093,1,'99','2017-09-07 00:00:00',1,'2017-09-07','00:00:00'),(1094,1,'99','2017-09-07 00:00:00',2,'2017-09-07','00:00:00'),(1095,1,'99','2017-09-08 06:36:00',1,'2017-09-08','06:36:00'),(1096,1,'99','2017-09-08 16:09:00',2,'2017-09-08','16:09:00'),(1097,1,'99','2017-09-09 00:00:00',1,'2017-09-09','00:00:00'),(1098,1,'99','2017-09-09 00:00:00',2,'2017-09-09','00:00:00'),(1099,1,'99','2017-09-10 00:00:00',1,'2017-09-10','00:00:00'),(1100,1,'99','2017-09-10 00:00:00',2,'2017-09-10','00:00:00'),(1101,1,'99','2017-09-11 00:00:00',1,'2017-09-11','00:00:00'),(1102,1,'99','2017-09-11 19:40:00',2,'2017-09-11','19:40:00'),(1103,1,'99','2017-09-12 07:14:00',1,'2017-09-12','07:14:00'),(1104,1,'99','2017-09-12 19:33:00',2,'2017-09-12','19:33:00'),(1105,1,'99','2017-09-13 05:04:00',1,'2017-09-13','05:04:00'),(1106,1,'99','2017-09-13 19:44:00',2,'2017-09-13','19:44:00'),(1107,1,'99','2017-09-14 07:29:00',1,'2017-09-14','07:29:00'),(1108,1,'99','2017-09-14 19:38:00',2,'2017-09-14','19:38:00'),(1109,1,'99','2017-09-15 05:04:00',1,'2017-09-15','05:04:00'),(1110,1,'99','2017-09-15 19:34:00',2,'2017-09-15','19:34:00'),(1111,1,'99','2017-09-16 07:06:00',1,'2017-09-16','07:06:00'),(1112,1,'99','2017-09-16 00:00:00',2,'2017-09-16','00:00:00'),(1113,1,'99','2017-09-17 00:00:00',1,'2017-09-17','00:00:00'),(1114,1,'99','2017-09-17 00:00:00',2,'2017-09-17','00:00:00'),(1115,1,'99','2017-09-18 06:29:00',1,'2017-09-18','06:29:00'),(1116,1,'99','2017-09-18 16:12:00',2,'2017-09-18','16:12:00'),(1117,1,'99','2017-09-19 06:12:00',1,'2017-09-19','06:12:00'),(1118,1,'99','2017-09-19 19:07:00',2,'2017-09-19','19:07:00'),(1119,1,'99','2017-09-20 06:35:00',1,'2017-09-20','06:35:00'),(1120,1,'99','2017-09-20 16:19:00',2,'2017-09-20','16:19:00'),(1121,1,'99','2017-09-21 00:00:00',1,'2017-09-21','00:00:00'),(1122,1,'99','2017-09-21 00:00:00',2,'2017-09-21','00:00:00'),(1123,1,'99','2017-09-22 06:22:00',1,'2017-09-22','06:22:00'),(1124,1,'99','2017-09-22 19:09:00',2,'2017-09-22','19:09:00'),(1125,1,'99','2017-09-23 00:00:00',1,'2017-09-23','00:00:00'),(1126,1,'99','2017-09-23 00:00:00',2,'2017-09-23','00:00:00'),(1127,1,'99','2017-09-24 00:00:00',1,'2017-09-24','00:00:00'),(1128,1,'99','2017-09-24 00:00:00',2,'2017-09-24','00:00:00'),(1129,1,'99','2017-09-25 00:00:00',1,'2017-09-25','00:00:00'),(1130,1,'99','2017-09-25 19:37:00',2,'2017-09-25','19:37:00'),(1131,1,'99','2017-09-26 07:29:00',1,'2017-09-26','07:29:00'),(1132,1,'99','2017-09-26 19:36:00',2,'2017-09-26','19:36:00'),(1133,1,'99','2017-09-27 05:04:00',1,'2017-09-27','05:04:00'),(1134,1,'99','2017-09-27 19:33:00',2,'2017-09-27','19:33:00'),(1135,1,'99','2017-09-28 07:29:00',1,'2017-09-28','07:29:00'),(1136,1,'99','2017-09-28 19:39:00',2,'2017-09-28','19:39:00'),(1137,1,'99','2017-09-29 05:05:00',1,'2017-09-29','05:05:00'),(1138,1,'99','2017-09-29 19:43:00',2,'2017-09-29','19:43:00'),(1139,1,'99','2017-09-30 05:05:00',1,'2017-09-30','05:05:00'),(1140,1,'99','2017-09-30 00:00:00',2,'2017-09-30','00:00:00'),(1141,1,'106','2017-09-01 05:02:00',1,'2017-09-01','05:02:00'),(1142,1,'106','2017-09-01 00:00:00',2,'2017-09-01','00:00:00'),(1143,1,'106','2017-09-02 00:00:00',1,'2017-09-02','00:00:00'),(1144,1,'106','2017-09-02 00:00:00',2,'2017-09-02','00:00:00'),(1145,1,'106','2017-09-03 00:00:00',1,'2017-09-03','00:00:00'),(1146,1,'106','2017-09-03 00:00:00',2,'2017-09-03','00:00:00'),(1147,1,'106','2017-09-04 12:47:00',1,'2017-09-04','12:47:00'),(1148,1,'106','2017-09-04 22:06:00',2,'2017-09-04','22:06:00'),(1149,1,'106','2017-09-05 12:41:00',1,'2017-09-05','12:41:00'),(1150,1,'106','2017-09-05 22:12:00',2,'2017-09-05','22:12:00'),(1151,1,'106','2017-09-06 12:41:00',1,'2017-09-06','12:41:00'),(1152,1,'106','2017-09-06 22:11:00',2,'2017-09-06','22:11:00'),(1153,1,'106','2017-09-07 12:41:00',1,'2017-09-07','12:41:00'),(1154,1,'106','2017-09-07 22:08:00',2,'2017-09-07','22:08:00'),(1155,1,'106','2017-09-08 12:45:00',1,'2017-09-08','12:45:00'),(1156,1,'106','2017-09-08 22:06:00',2,'2017-09-08','22:06:00'),(1157,1,'106','2017-09-09 15:36:00',1,'2017-09-09','15:36:00'),(1158,1,'106','2017-09-09 23:04:00',2,'2017-09-09','23:04:00'),(1159,1,'106','2017-09-10 00:00:00',1,'2017-09-10','00:00:00'),(1160,1,'106','2017-09-10 00:00:00',2,'2017-09-10','00:00:00'),(1161,1,'106','2017-09-11 06:01:00',1,'2017-09-11','06:01:00'),(1162,1,'106','2017-09-11 16:08:00',2,'2017-09-11','16:08:00'),(1163,1,'106','2017-09-12 06:16:00',1,'2017-09-12','06:16:00'),(1164,1,'106','2017-09-12 19:07:00',2,'2017-09-12','19:07:00'),(1165,1,'106','2017-09-13 06:26:00',1,'2017-09-13','06:26:00'),(1166,1,'106','2017-09-13 16:09:00',2,'2017-09-13','16:09:00'),(1167,1,'106','2017-09-14 06:19:00',1,'2017-09-14','06:19:00'),(1168,1,'106','2017-09-14 19:11:00',2,'2017-09-14','19:11:00'),(1169,1,'106','2017-09-15 06:24:00',1,'2017-09-15','06:24:00'),(1170,1,'106','2017-09-15 16:10:00',2,'2017-09-15','16:10:00'),(1171,1,'106','2017-09-16 00:00:00',1,'2017-09-16','00:00:00'),(1172,1,'106','2017-09-16 00:00:00',2,'2017-09-16','00:00:00'),(1173,1,'106','2017-09-17 00:00:00',1,'2017-09-17','00:00:00'),(1174,1,'106','2017-09-17 00:00:00',2,'2017-09-17','00:00:00'),(1175,1,'106','2017-09-18 00:00:00',1,'2017-09-18','00:00:00'),(1176,1,'106','2017-09-18 21:45:00',2,'2017-09-18','21:45:00'),(1177,1,'106','2017-09-19 07:34:00',1,'2017-09-19','07:34:00'),(1178,1,'106','2017-09-19 18:38:00',2,'2017-09-19','18:38:00'),(1179,1,'106','2017-09-20 07:19:00',1,'2017-09-20','07:19:00'),(1180,1,'106','2017-09-20 21:30:00',2,'2017-09-20','21:30:00'),(1181,1,'106','2017-09-21 07:16:00',1,'2017-09-21','07:16:00'),(1182,1,'106','2017-09-21 00:00:00',2,'2017-09-21','00:00:00'),(1183,1,'106','2017-09-22 00:00:00',1,'2017-09-22','00:00:00'),(1184,1,'106','2017-09-22 18:38:00',2,'2017-09-22','18:38:00'),(1185,1,'106','2017-09-23 07:08:00',1,'2017-09-23','07:08:00'),(1186,1,'106','2017-09-23 00:00:00',2,'2017-09-23','00:00:00'),(1187,1,'106','2017-09-24 00:00:00',1,'2017-09-24','00:00:00'),(1188,1,'106','2017-09-24 00:00:00',2,'2017-09-24','00:00:00'),(1189,1,'106','2017-09-25 12:36:00',1,'2017-09-25','12:36:00'),(1190,1,'106','2017-09-25 22:12:00',2,'2017-09-25','22:12:00'),(1191,1,'106','2017-09-26 12:42:00',1,'2017-09-26','12:42:00'),(1192,1,'106','2017-09-26 22:03:00',2,'2017-09-26','22:03:00'),(1193,1,'106','2017-09-27 12:33:00',1,'2017-09-27','12:33:00'),(1194,1,'106','2017-09-27 22:09:00',2,'2017-09-27','22:09:00'),(1195,1,'106','2017-09-28 12:40:00',1,'2017-09-28','12:40:00'),(1196,1,'106','2017-09-28 22:08:00',2,'2017-09-28','22:08:00'),(1197,1,'106','2017-09-29 12:36:00',1,'2017-09-29','12:36:00'),(1198,1,'106','2017-09-29 22:06:00',2,'2017-09-29','22:06:00'),(1199,1,'106','2017-09-30 00:00:00',1,'2017-09-30','00:00:00'),(1200,1,'106','2017-09-30 00:00:00',2,'2017-09-30','00:00:00'),(1201,1,'107','2017-09-01 05:02:00',1,'2017-09-01','05:02:00'),(1202,1,'107','2017-09-01 00:00:00',2,'2017-09-01','00:00:00'),(1203,1,'107','2017-09-02 00:00:00',1,'2017-09-02','00:00:00'),(1204,1,'107','2017-09-02 00:00:00',2,'2017-09-02','00:00:00'),(1205,1,'107','2017-09-03 00:00:00',1,'2017-09-03','00:00:00'),(1206,1,'107','2017-09-03 00:00:00',2,'2017-09-03','00:00:00'),(1207,1,'107','2017-09-04 05:57:00',1,'2017-09-04','05:57:00'),(1208,1,'107','2017-09-04 16:10:00',2,'2017-09-04','16:10:00'),(1209,1,'107','2017-09-05 05:51:00',1,'2017-09-05','05:51:00'),(1210,1,'107','2017-09-05 19:10:00',2,'2017-09-05','19:10:00'),(1211,1,'107','2017-09-06 05:59:00',1,'2017-09-06','05:59:00'),(1212,1,'107','2017-09-06 16:12:00',2,'2017-09-06','16:12:00'),(1213,1,'107','2017-09-07 06:11:00',1,'2017-09-07','06:11:00'),(1214,1,'107','2017-09-07 19:08:00',2,'2017-09-07','19:08:00'),(1215,1,'107','2017-09-08 05:59:00',1,'2017-09-08','05:59:00'),(1216,1,'107','2017-09-08 16:08:00',2,'2017-09-08','16:08:00'),(1217,1,'107','2017-09-09 06:01:00',1,'2017-09-09','06:01:00'),(1218,1,'107','2017-09-09 16:10:00',2,'2017-09-09','16:10:00'),(1219,1,'107','2017-09-10 00:00:00',1,'2017-09-10','00:00:00'),(1220,1,'107','2017-09-10 00:00:00',2,'2017-09-10','00:00:00'),(1221,1,'107','2017-09-11 00:00:00',1,'2017-09-11','00:00:00'),(1222,1,'107','2017-09-11 21:22:00',2,'2017-09-11','21:22:00'),(1223,1,'107','2017-09-12 07:14:00',1,'2017-09-12','07:14:00'),(1224,1,'107','2017-09-12 18:42:00',2,'2017-09-12','18:42:00'),(1225,1,'107','2017-09-13 07:18:00',1,'2017-09-13','07:18:00'),(1226,1,'107','2017-09-13 21:29:00',2,'2017-09-13','21:29:00'),(1227,1,'107','2017-09-14 07:31:00',1,'2017-09-14','07:31:00'),(1228,1,'107','2017-09-14 18:34:00',2,'2017-09-14','18:34:00'),(1229,1,'107','2017-09-15 07:22:00',1,'2017-09-15','07:22:00'),(1230,1,'107','2017-09-15 21:36:00',2,'2017-09-15','21:36:00'),(1231,1,'107','2017-09-16 07:04:00',1,'2017-09-16','07:04:00'),(1232,1,'107','2017-09-16 00:00:00',2,'2017-09-16','00:00:00'),(1233,1,'107','2017-09-17 00:00:00',1,'2017-09-17','00:00:00'),(1234,1,'107','2017-09-17 00:00:00',2,'2017-09-17','00:00:00'),(1235,1,'107','2017-09-18 12:31:00',1,'2017-09-18','12:31:00'),(1236,1,'107','2017-09-18 22:12:00',2,'2017-09-18','22:12:00'),(1237,1,'107','2017-09-19 12:33:00',1,'2017-09-19','12:33:00'),(1238,1,'107','2017-09-19 22:08:00',2,'2017-09-19','22:08:00'),(1239,1,'107','2017-09-20 12:38:00',1,'2017-09-20','12:38:00'),(1240,1,'107','2017-09-20 22:32:00',2,'2017-09-20','22:32:00'),(1241,1,'107','2017-09-21 00:00:00',1,'2017-09-21','00:00:00'),(1242,1,'107','2017-09-21 00:00:00',2,'2017-09-21','00:00:00'),(1243,1,'107','2017-09-22 12:24:00',1,'2017-09-22','12:24:00'),(1244,1,'107','2017-09-22 22:07:00',2,'2017-09-22','22:07:00'),(1245,1,'107','2017-09-23 00:00:00',1,'2017-09-23','00:00:00'),(1246,1,'107','2017-09-23 00:00:00',2,'2017-09-23','00:00:00'),(1247,1,'107','2017-09-24 00:00:00',1,'2017-09-24','00:00:00'),(1248,1,'107','2017-09-24 00:00:00',2,'2017-09-24','00:00:00'),(1249,1,'107','2017-09-25 06:06:00',1,'2017-09-25','06:06:00'),(1250,1,'107','2017-09-25 16:08:00',2,'2017-09-25','16:08:00'),(1251,1,'107','2017-09-26 06:04:00',1,'2017-09-26','06:04:00'),(1252,1,'107','2017-09-26 19:13:00',2,'2017-09-26','19:13:00'),(1253,1,'107','2017-09-27 06:08:00',1,'2017-09-27','06:08:00'),(1254,1,'107','2017-09-27 16:06:00',2,'2017-09-27','16:06:00'),(1255,1,'107','2017-09-28 06:09:00',1,'2017-09-28','06:09:00'),(1256,1,'107','2017-09-28 19:13:00',2,'2017-09-28','19:13:00'),(1257,1,'107','2017-09-29 06:14:00',1,'2017-09-29','06:14:00'),(1258,1,'107','2017-09-29 16:16:00',2,'2017-09-29','16:16:00'),(1259,1,'107','2017-09-30 00:00:00',1,'2017-09-30','00:00:00'),(1260,1,'107','2017-09-30 00:00:00',2,'2017-09-30','00:00:00'),(1261,1,'108','2017-09-01 00:00:00',1,'2017-09-01','00:00:00'),(1262,1,'108','2017-09-01 00:00:00',2,'2017-09-01','00:00:00'),(1263,1,'108','2017-09-02 00:00:00',1,'2017-09-02','00:00:00'),(1264,1,'108','2017-09-02 00:00:00',2,'2017-09-02','00:00:00'),(1265,1,'108','2017-09-03 00:00:00',1,'2017-09-03','00:00:00'),(1266,1,'108','2017-09-03 00:00:00',2,'2017-09-03','00:00:00'),(1267,1,'108','2017-09-04 00:00:00',1,'2017-09-04','00:00:00'),(1268,1,'108','2017-09-04 19:48:00',2,'2017-09-04','19:48:00'),(1269,1,'108','2017-09-05 05:10:00',1,'2017-09-05','05:10:00'),(1270,1,'108','2017-09-05 19:23:00',2,'2017-09-05','19:23:00'),(1271,1,'108','2017-09-06 07:37:00',1,'2017-09-06','07:37:00'),(1272,1,'108','2017-09-06 19:39:00',2,'2017-09-06','19:39:00'),(1273,1,'108','2017-09-07 07:25:00',1,'2017-09-07','07:25:00'),(1274,1,'108','2017-09-07 19:27:00',2,'2017-09-07','19:27:00'),(1275,1,'108','2017-09-08 07:13:00',1,'2017-09-08','07:13:00'),(1276,1,'108','2017-09-08 00:00:00',2,'2017-09-08','00:00:00'),(1277,1,'108','2017-09-09 00:00:00',1,'2017-09-09','00:00:00'),(1278,1,'108','2017-09-09 00:00:00',2,'2017-09-09','00:00:00'),(1279,1,'108','2017-09-10 00:00:00',1,'2017-09-10','00:00:00'),(1280,1,'108','2017-09-10 00:00:00',2,'2017-09-10','00:00:00'),(1281,1,'108','2017-09-11 00:00:00',1,'2017-09-11','00:00:00'),(1282,1,'108','2017-09-11 00:00:00',2,'2017-09-11','00:00:00'),(1283,1,'108','2017-09-12 10:29:00',1,'2017-09-12','10:29:00'),(1284,1,'108','2017-09-12 20:04:00',2,'2017-09-12','20:04:00'),(1285,1,'108','2017-09-13 10:31:00',1,'2017-09-13','10:31:00'),(1286,1,'108','2017-09-13 20:11:00',2,'2017-09-13','20:11:00'),(1287,1,'108','2017-09-14 10:35:00',1,'2017-09-14','10:35:00'),(1288,1,'108','2017-09-14 20:08:00',2,'2017-09-14','20:08:00'),(1289,1,'108','2017-09-15 10:31:00',1,'2017-09-15','10:31:00'),(1290,1,'108','2017-09-15 20:05:00',2,'2017-09-15','20:05:00'),(1291,1,'108','2017-09-16 00:00:00',1,'2017-09-16','00:00:00'),(1292,1,'108','2017-09-16 00:00:00',2,'2017-09-16','00:00:00'),(1293,1,'108','2017-09-17 00:00:00',1,'2017-09-17','00:00:00'),(1294,1,'108','2017-09-17 00:00:00',2,'2017-09-17','00:00:00'),(1295,1,'108','2017-09-18 06:08:00',1,'2017-09-18','06:08:00'),(1296,1,'108','2017-09-18 16:12:00',2,'2017-09-18','16:12:00'),(1297,1,'108','2017-09-19 06:16:00',1,'2017-09-19','06:16:00'),(1298,1,'108','2017-09-19 16:05:00',2,'2017-09-19','16:05:00'),(1299,1,'108','2017-09-20 06:21:00',1,'2017-09-20','06:21:00'),(1300,1,'108','2017-09-20 19:12:00',2,'2017-09-20','19:12:00'),(1301,1,'108','2017-09-21 00:00:00',1,'2017-09-21','00:00:00'),(1302,1,'108','2017-09-21 00:00:00',2,'2017-09-21','00:00:00'),(1303,1,'108','2017-09-22 06:23:00',1,'2017-09-22','06:23:00'),(1304,1,'108','2017-09-22 16:10:00',2,'2017-09-22','16:10:00'),(1305,1,'108','2017-09-23 00:00:00',1,'2017-09-23','00:00:00'),(1306,1,'108','2017-09-23 00:00:00',2,'2017-09-23','00:00:00'),(1307,1,'108','2017-09-24 00:00:00',1,'2017-09-24','00:00:00'),(1308,1,'108','2017-09-24 00:00:00',2,'2017-09-24','00:00:00'),(1309,1,'108','2017-09-25 00:00:00',1,'2017-09-25','00:00:00'),(1310,1,'108','2017-09-25 19:06:00',2,'2017-09-25','19:06:00'),(1311,1,'108','2017-09-26 05:13:00',1,'2017-09-26','05:13:00'),(1312,1,'108','2017-09-26 19:34:00',2,'2017-09-26','19:34:00'),(1313,1,'108','2017-09-27 07:27:00',1,'2017-09-27','07:27:00'),(1314,1,'108','2017-09-27 19:42:00',2,'2017-09-27','19:42:00'),(1315,1,'108','2017-09-28 07:27:00',1,'2017-09-28','07:27:00'),(1316,1,'108','2017-09-28 19:45:00',2,'2017-09-28','19:45:00'),(1317,1,'108','2017-09-29 07:31:00',1,'2017-09-29','07:31:00'),(1318,1,'108','2017-09-29 19:36:00',2,'2017-09-29','19:36:00'),(1319,1,'108','2017-09-30 05:04:00',1,'2017-09-30','05:04:00'),(1320,1,'108','2017-09-30 00:00:00',2,'2017-09-30','00:00:00'),(1321,1,'109','2017-09-01 00:00:00',1,'2017-09-01','00:00:00'),(1322,1,'109','2017-09-01 00:00:00',2,'2017-09-01','00:00:00'),(1323,1,'109','2017-09-02 00:00:00',1,'2017-09-02','00:00:00'),(1324,1,'109','2017-09-02 00:00:00',2,'2017-09-02','00:00:00'),(1325,1,'109','2017-09-03 00:00:00',1,'2017-09-03','00:00:00'),(1326,1,'109','2017-09-03 00:00:00',2,'2017-09-03','00:00:00'),(1327,1,'109','2017-09-04 00:00:00',1,'2017-09-04','00:00:00'),(1328,1,'109','2017-09-04 19:13:00',2,'2017-09-04','19:13:00'),(1329,1,'109','2017-09-05 07:50:00',1,'2017-09-05','07:50:00'),(1330,1,'109','2017-09-05 19:30:00',2,'2017-09-05','19:30:00'),(1331,1,'109','2017-09-06 05:16:00',1,'2017-09-06','05:16:00'),(1332,1,'109','2017-09-06 19:48:00',2,'2017-09-06','19:48:00'),(1333,1,'109','2017-09-07 07:25:00',1,'2017-09-07','07:25:00'),(1334,1,'109','2017-09-07 19:14:00',2,'2017-09-07','19:14:00'),(1335,1,'109','2017-09-08 05:30:00',1,'2017-09-08','05:30:00'),(1336,1,'109','2017-09-08 19:06:00',2,'2017-09-08','19:06:00'),(1337,1,'109','2017-09-09 07:16:00',1,'2017-09-09','07:16:00'),(1338,1,'109','2017-09-09 22:11:00',2,'2017-09-09','22:11:00'),(1339,1,'109','2017-09-10 07:06:00',1,'2017-09-10','07:06:00'),(1340,1,'109','2017-09-10 00:00:00',2,'2017-09-10','00:00:00'),(1341,1,'109','2017-09-11 06:15:00',1,'2017-09-11','06:15:00'),(1342,1,'109','2017-09-11 16:07:00',2,'2017-09-11','16:07:00'),(1343,1,'109','2017-09-12 06:41:00',1,'2017-09-12','06:41:00'),(1344,1,'109','2017-09-12 19:06:00',2,'2017-09-12','19:06:00'),(1345,1,'109','2017-09-13 06:12:00',1,'2017-09-13','06:12:00'),(1346,1,'109','2017-09-13 16:10:00',2,'2017-09-13','16:10:00'),(1347,1,'109','2017-09-14 06:16:00',1,'2017-09-14','06:16:00'),(1348,1,'109','2017-09-14 16:10:00',2,'2017-09-14','16:10:00'),(1349,1,'109','2017-09-15 06:19:00',1,'2017-09-15','06:19:00'),(1350,1,'109','2017-09-15 19:32:00',2,'2017-09-15','19:32:00'),(1351,1,'109','2017-09-16 06:32:00',1,'2017-09-16','06:32:00'),(1352,1,'109','2017-09-16 15:09:00',2,'2017-09-16','15:09:00'),(1353,1,'109','2017-09-17 00:00:00',1,'2017-09-17','00:00:00'),(1354,1,'109','2017-09-17 00:00:00',2,'2017-09-17','00:00:00'),(1355,1,'109','2017-09-18 00:00:00',1,'2017-09-18','00:00:00'),(1356,1,'109','2017-09-18 19:25:00',2,'2017-09-18','19:25:00'),(1357,1,'109','2017-09-19 07:36:00',1,'2017-09-19','07:36:00'),(1358,1,'109','2017-09-19 19:14:00',2,'2017-09-19','19:14:00'),(1359,1,'109','2017-09-20 05:03:00',1,'2017-09-20','05:03:00'),(1360,1,'109','2017-09-20 19:18:00',2,'2017-09-20','19:18:00'),(1361,1,'109','2017-09-21 07:13:00',1,'2017-09-21','07:13:00'),(1362,1,'109','2017-09-21 00:00:00',2,'2017-09-21','00:00:00'),(1363,1,'109','2017-09-22 00:00:00',1,'2017-09-22','00:00:00'),(1364,1,'109','2017-09-22 19:33:00',2,'2017-09-22','19:33:00'),(1365,1,'109','2017-09-23 05:13:00',1,'2017-09-23','05:13:00'),(1366,1,'109','2017-09-23 00:00:00',2,'2017-09-23','00:00:00'),(1367,1,'109','2017-09-24 00:00:00',1,'2017-09-24','00:00:00'),(1368,1,'109','2017-09-24 00:00:00',2,'2017-09-24','00:00:00'),(1369,1,'109','2017-09-25 06:29:00',1,'2017-09-25','06:29:00'),(1370,1,'109','2017-09-25 16:11:00',2,'2017-09-25','16:11:00'),(1371,1,'109','2017-09-26 06:28:00',1,'2017-09-26','06:28:00'),(1372,1,'109','2017-09-26 19:11:00',2,'2017-09-26','19:11:00'),(1373,1,'109','2017-09-27 06:26:00',1,'2017-09-27','06:26:00'),(1374,1,'109','2017-09-27 16:31:00',2,'2017-09-27','16:31:00'),(1375,1,'109','2017-09-28 06:36:00',1,'2017-09-28','06:36:00'),(1376,1,'109','2017-09-28 19:34:00',2,'2017-09-28','19:34:00'),(1377,1,'109','2017-09-29 06:08:00',1,'2017-09-29','06:08:00'),(1378,1,'109','2017-09-29 19:13:00',2,'2017-09-29','19:13:00'),(1379,1,'109','2017-09-30 00:00:00',1,'2017-09-30','00:00:00'),(1380,1,'109','2017-09-30 00:00:00',2,'2017-09-30','00:00:00'),(1381,1,'110','2017-09-01 00:00:00',1,'2017-09-01','00:00:00'),(1382,1,'110','2017-09-01 00:00:00',2,'2017-09-01','00:00:00'),(1383,1,'110','2017-09-02 00:00:00',1,'2017-09-02','00:00:00'),(1384,1,'110','2017-09-02 00:00:00',2,'2017-09-02','00:00:00'),(1385,1,'110','2017-09-03 00:00:00',1,'2017-09-03','00:00:00'),(1386,1,'110','2017-09-03 00:00:00',2,'2017-09-03','00:00:00'),(1387,1,'110','2017-09-04 06:39:00',1,'2017-09-04','06:39:00'),(1388,1,'110','2017-09-04 19:06:00',2,'2017-09-04','19:06:00'),(1389,1,'110','2017-09-05 06:38:00',1,'2017-09-05','06:38:00'),(1390,1,'110','2017-09-05 16:12:00',2,'2017-09-05','16:12:00'),(1391,1,'110','2017-09-06 07:26:00',1,'2017-09-06','07:26:00'),(1392,1,'110','2017-09-06 16:32:00',2,'2017-09-06','16:32:00'),(1393,1,'110','2017-09-07 06:32:00',1,'2017-09-07','06:32:00'),(1394,1,'110','2017-09-07 19:07:00',2,'2017-09-07','19:07:00'),(1395,1,'110','2017-09-08 06:33:00',1,'2017-09-08','06:33:00'),(1396,1,'110','2017-09-08 16:27:00',2,'2017-09-08','16:27:00'),(1397,1,'110','2017-09-09 00:00:00',1,'2017-09-09','00:00:00'),(1398,1,'110','2017-09-09 00:00:00',2,'2017-09-09','00:00:00'),(1399,1,'110','2017-09-10 00:00:00',1,'2017-09-10','00:00:00'),(1400,1,'110','2017-09-10 00:00:00',2,'2017-09-10','00:00:00'),(1401,1,'110','2017-09-11 06:28:00',1,'2017-09-11','06:28:00'),(1402,1,'110','2017-09-11 16:08:00',2,'2017-09-11','16:08:00'),(1403,1,'110','2017-09-12 06:33:00',1,'2017-09-12','06:33:00'),(1404,1,'110','2017-09-12 19:18:00',2,'2017-09-12','19:18:00'),(1405,1,'110','2017-09-13 06:39:00',1,'2017-09-13','06:39:00'),(1406,1,'110','2017-09-13 17:09:00',2,'2017-09-13','17:09:00'),(1407,1,'110','2017-09-14 06:34:00',1,'2017-09-14','06:34:00'),(1408,1,'110','2017-09-14 16:41:00',2,'2017-09-14','16:41:00'),(1409,1,'110','2017-09-15 06:37:00',1,'2017-09-15','06:37:00'),(1410,1,'110','2017-09-15 19:25:00',2,'2017-09-15','19:25:00'),(1411,1,'110','2017-09-16 00:00:00',1,'2017-09-16','00:00:00'),(1412,1,'110','2017-09-16 00:00:00',2,'2017-09-16','00:00:00'),(1413,1,'110','2017-09-17 00:00:00',1,'2017-09-17','00:00:00'),(1414,1,'110','2017-09-17 00:00:00',2,'2017-09-17','00:00:00'),(1415,1,'110','2017-09-18 06:24:00',1,'2017-09-18','06:24:00'),(1416,1,'110','2017-09-18 18:33:00',2,'2017-09-18','18:33:00'),(1417,1,'110','2017-09-19 06:40:00',1,'2017-09-19','06:40:00'),(1418,1,'110','2017-09-19 19:07:00',2,'2017-09-19','19:07:00'),(1419,1,'110','2017-09-20 06:46:00',1,'2017-09-20','06:46:00'),(1420,1,'110','2017-09-20 20:58:00',2,'2017-09-20','20:58:00'),(1421,1,'110','2017-09-21 00:00:00',1,'2017-09-21','00:00:00'),(1422,1,'110','2017-09-21 00:00:00',2,'2017-09-21','00:00:00'),(1423,1,'110','2017-09-22 06:36:00',1,'2017-09-22','06:36:00'),(1424,1,'110','2017-09-22 16:36:00',2,'2017-09-22','16:36:00'),(1425,1,'110','2017-09-23 00:00:00',1,'2017-09-23','00:00:00'),(1426,1,'110','2017-09-23 00:00:00',2,'2017-09-23','00:00:00'),(1427,1,'110','2017-09-24 00:00:00',1,'2017-09-24','00:00:00'),(1428,1,'110','2017-09-24 00:00:00',2,'2017-09-24','00:00:00'),(1429,1,'110','2017-09-25 06:32:00',1,'2017-09-25','06:32:00'),(1430,1,'110','2017-09-25 16:20:00',2,'2017-09-25','16:20:00'),(1431,1,'110','2017-09-26 06:34:00',1,'2017-09-26','06:34:00'),(1432,1,'110','2017-09-26 16:18:00',2,'2017-09-26','16:18:00'),(1433,1,'110','2017-09-27 06:32:00',1,'2017-09-27','06:32:00'),(1434,1,'110','2017-09-27 16:12:00',2,'2017-09-27','16:12:00'),(1435,1,'110','2017-09-28 06:31:00',1,'2017-09-28','06:31:00'),(1436,1,'110','2017-09-28 00:00:00',2,'2017-09-28','00:00:00'),(1437,1,'110','2017-09-29 06:32:00',1,'2017-09-29','06:32:00'),(1438,1,'110','2017-09-29 19:22:00',2,'2017-09-29','19:22:00'),(1439,1,'110','2017-09-30 00:00:00',1,'2017-09-30','00:00:00'),(1440,1,'110','2017-09-30 00:00:00',2,'2017-09-30','00:00:00'),(1441,1,'112','2017-09-01 00:00:00',1,'2017-09-01','00:00:00'),(1442,1,'112','2017-09-01 00:00:00',2,'2017-09-01','00:00:00'),(1443,1,'112','2017-09-02 00:00:00',1,'2017-09-02','00:00:00'),(1444,1,'112','2017-09-02 00:00:00',2,'2017-09-02','00:00:00'),(1445,1,'112','2017-09-03 00:00:00',1,'2017-09-03','00:00:00'),(1446,1,'112','2017-09-03 00:00:00',2,'2017-09-03','00:00:00'),(1447,1,'112','2017-09-04 06:44:00',1,'2017-09-04','06:44:00'),(1448,1,'112','2017-09-04 16:09:00',2,'2017-09-04','16:09:00'),(1449,1,'112','2017-09-05 06:34:00',1,'2017-09-05','06:34:00'),(1450,1,'112','2017-09-05 16:15:00',2,'2017-09-05','16:15:00'),(1451,1,'112','2017-09-06 06:31:00',1,'2017-09-06','06:31:00'),(1452,1,'112','2017-09-06 16:07:00',2,'2017-09-06','16:07:00'),(1453,1,'112','2017-09-07 06:31:00',1,'2017-09-07','06:31:00'),(1454,1,'112','2017-09-07 16:01:00',2,'2017-09-07','16:01:00'),(1455,1,'112','2017-09-08 06:29:00',1,'2017-09-08','06:29:00'),(1456,1,'112','2017-09-08 16:05:00',2,'2017-09-08','16:05:00'),(1457,1,'112','2017-09-09 06:36:00',1,'2017-09-09','06:36:00'),(1458,1,'112','2017-09-09 16:04:00',2,'2017-09-09','16:04:00'),(1459,1,'112','2017-09-10 07:00:00',1,'2017-09-10','07:00:00'),(1460,1,'112','2017-09-10 16:00:00',2,'2017-09-10','16:00:00'),(1461,1,'112','2017-09-11 06:31:00',1,'2017-09-11','06:31:00'),(1462,1,'112','2017-09-11 16:08:00',2,'2017-09-11','16:08:00'),(1463,1,'112','2017-09-12 06:32:00',1,'2017-09-12','06:32:00'),(1464,1,'112','2017-09-12 16:07:00',2,'2017-09-12','16:07:00'),(1465,1,'112','2017-09-13 06:40:00',1,'2017-09-13','06:40:00'),(1466,1,'112','2017-09-13 16:06:00',2,'2017-09-13','16:06:00'),(1467,1,'112','2017-09-14 06:33:00',1,'2017-09-14','06:33:00'),(1468,1,'112','2017-09-14 16:08:00',2,'2017-09-14','16:08:00'),(1469,1,'112','2017-09-15 06:30:00',1,'2017-09-15','06:30:00'),(1470,1,'112','2017-09-15 16:06:00',2,'2017-09-15','16:06:00'),(1471,1,'112','2017-09-16 00:00:00',1,'2017-09-16','00:00:00'),(1472,1,'112','2017-09-16 00:00:00',2,'2017-09-16','00:00:00'),(1473,1,'112','2017-09-17 00:00:00',1,'2017-09-17','00:00:00'),(1474,1,'112','2017-09-17 00:00:00',2,'2017-09-17','00:00:00'),(1475,1,'112','2017-09-18 06:31:00',1,'2017-09-18','06:31:00'),(1476,1,'112','2017-09-18 16:12:00',2,'2017-09-18','16:12:00'),(1477,1,'112','2017-09-19 06:30:00',1,'2017-09-19','06:30:00'),(1478,1,'112','2017-09-19 16:14:00',2,'2017-09-19','16:14:00'),(1479,1,'112','2017-09-20 06:29:00',1,'2017-09-20','06:29:00'),(1480,1,'112','2017-09-20 16:07:00',2,'2017-09-20','16:07:00'),(1481,1,'112','2017-09-21 00:00:00',1,'2017-09-21','00:00:00'),(1482,1,'112','2017-09-21 00:00:00',2,'2017-09-21','00:00:00'),(1483,1,'112','2017-09-22 06:26:00',1,'2017-09-22','06:26:00'),(1484,1,'112','2017-09-22 16:17:00',2,'2017-09-22','16:17:00'),(1485,1,'112','2017-09-23 00:00:00',1,'2017-09-23','00:00:00'),(1486,1,'112','2017-09-23 00:00:00',2,'2017-09-23','00:00:00'),(1487,1,'112','2017-09-24 00:00:00',1,'2017-09-24','00:00:00'),(1488,1,'112','2017-09-24 00:00:00',2,'2017-09-24','00:00:00'),(1489,1,'112','2017-09-25 06:28:00',1,'2017-09-25','06:28:00'),(1490,1,'112','2017-09-25 16:08:00',2,'2017-09-25','16:08:00'),(1491,1,'112','2017-09-26 06:30:00',1,'2017-09-26','06:30:00'),(1492,1,'112','2017-09-26 16:24:00',2,'2017-09-26','16:24:00'),(1493,1,'112','2017-09-27 06:28:00',1,'2017-09-27','06:28:00'),(1494,1,'112','2017-09-27 16:06:00',2,'2017-09-27','16:06:00'),(1495,1,'112','2017-09-28 06:30:00',1,'2017-09-28','06:30:00'),(1496,1,'112','2017-09-28 16:07:00',2,'2017-09-28','16:07:00'),(1497,1,'112','2017-09-29 06:28:00',1,'2017-09-29','06:28:00'),(1498,1,'112','2017-09-29 16:04:00',2,'2017-09-29','16:04:00'),(1499,1,'112','2017-09-30 00:00:00',1,'2017-09-30','00:00:00'),(1500,1,'112','2017-09-30 00:00:00',2,'2017-09-30','00:00:00'),(1501,1,'113','2017-09-01 05:01:00',1,'2017-09-01','05:01:00'),(1502,1,'113','2017-09-01 00:00:00',2,'2017-09-01','00:00:00'),(1503,1,'113','2017-09-02 00:00:00',1,'2017-09-02','00:00:00'),(1504,1,'113','2017-09-02 00:00:00',2,'2017-09-02','00:00:00'),(1505,1,'113','2017-09-03 00:00:00',1,'2017-09-03','00:00:00'),(1506,1,'113','2017-09-03 00:00:00',2,'2017-09-03','00:00:00'),(1507,1,'113','2017-09-04 10:25:00',1,'2017-09-04','10:25:00'),(1508,1,'113','2017-09-04 20:08:00',2,'2017-09-04','20:08:00'),(1509,1,'113','2017-09-05 10:40:00',1,'2017-09-05','10:40:00'),(1510,1,'113','2017-09-05 20:05:00',2,'2017-09-05','20:05:00'),(1511,1,'113','2017-09-06 10:36:00',1,'2017-09-06','10:36:00'),(1512,1,'113','2017-09-06 20:08:00',2,'2017-09-06','20:08:00'),(1513,1,'113','2017-09-07 10:35:00',1,'2017-09-07','10:35:00'),(1514,1,'113','2017-09-07 20:01:00',2,'2017-09-07','20:01:00'),(1515,1,'113','2017-09-08 10:22:00',1,'2017-09-08','10:22:00'),(1516,1,'113','2017-09-08 20:11:00',2,'2017-09-08','20:11:00'),(1517,1,'113','2017-09-09 15:36:00',1,'2017-09-09','15:36:00'),(1518,1,'113','2017-09-09 23:05:00',2,'2017-09-09','23:05:00'),(1519,1,'113','2017-09-10 00:00:00',1,'2017-09-10','00:00:00'),(1520,1,'113','2017-09-10 00:00:00',2,'2017-09-10','00:00:00'),(1521,1,'113','2017-09-11 06:22:00',1,'2017-09-11','06:22:00'),(1522,1,'113','2017-09-11 16:12:00',2,'2017-09-11','16:12:00'),(1523,1,'113','2017-09-12 06:31:00',1,'2017-09-12','06:31:00'),(1524,1,'113','2017-09-12 16:10:00',2,'2017-09-12','16:10:00'),(1525,1,'113','2017-09-13 06:36:00',1,'2017-09-13','06:36:00'),(1526,1,'113','2017-09-13 19:19:00',2,'2017-09-13','19:19:00'),(1527,1,'113','2017-09-14 06:30:00',1,'2017-09-14','06:30:00'),(1528,1,'113','2017-09-14 16:08:00',2,'2017-09-14','16:08:00'),(1529,1,'113','2017-09-15 06:40:00',1,'2017-09-15','06:40:00'),(1530,1,'113','2017-09-15 16:06:00',2,'2017-09-15','16:06:00'),(1531,1,'113','2017-09-16 00:00:00',1,'2017-09-16','00:00:00'),(1532,1,'113','2017-09-16 00:00:00',2,'2017-09-16','00:00:00'),(1533,1,'113','2017-09-17 00:00:00',1,'2017-09-17','00:00:00'),(1534,1,'113','2017-09-17 00:00:00',2,'2017-09-17','00:00:00'),(1535,1,'113','2017-09-18 00:00:00',1,'2017-09-18','00:00:00'),(1536,1,'113','2017-09-18 19:40:00',2,'2017-09-18','19:40:00'),(1537,1,'113','2017-09-19 05:03:00',1,'2017-09-19','05:03:00'),(1538,1,'113','2017-09-19 19:24:00',2,'2017-09-19','19:24:00'),(1539,1,'113','2017-09-20 07:27:00',1,'2017-09-20','07:27:00'),(1540,1,'113','2017-09-20 19:31:00',2,'2017-09-20','19:31:00'),(1541,1,'113','2017-09-21 07:14:00',1,'2017-09-21','07:14:00'),(1542,1,'113','2017-09-21 00:00:00',2,'2017-09-21','00:00:00'),(1543,1,'113','2017-09-22 00:00:00',1,'2017-09-22','00:00:00'),(1544,1,'113','2017-09-22 19:18:00',2,'2017-09-22','19:18:00'),(1545,1,'113','2017-09-23 07:10:00',1,'2017-09-23','07:10:00'),(1546,1,'113','2017-09-23 00:00:00',2,'2017-09-23','00:00:00'),(1547,1,'113','2017-09-24 00:00:00',1,'2017-09-24','00:00:00'),(1548,1,'113','2017-09-24 00:00:00',2,'2017-09-24','00:00:00'),(1549,1,'113','2017-09-25 10:38:00',1,'2017-09-25','10:38:00'),(1550,1,'113','2017-09-25 20:08:00',2,'2017-09-25','20:08:00'),(1551,1,'113','2017-09-26 10:45:00',1,'2017-09-26','10:45:00'),(1552,1,'113','2017-09-26 20:12:00',2,'2017-09-26','20:12:00'),(1553,1,'113','2017-09-27 10:32:00',1,'2017-09-27','10:32:00'),(1554,1,'113','2017-09-27 20:05:00',2,'2017-09-27','20:05:00'),(1555,1,'113','2017-09-28 10:44:00',1,'2017-09-28','10:44:00'),(1556,1,'113','2017-09-28 20:09:00',2,'2017-09-28','20:09:00'),(1557,1,'113','2017-09-29 10:40:00',1,'2017-09-29','10:40:00'),(1558,1,'113','2017-09-29 20:14:00',2,'2017-09-29','20:14:00'),(1559,1,'113','2017-09-30 00:00:00',1,'2017-09-30','00:00:00'),(1560,1,'113','2017-09-30 00:00:00',2,'2017-09-30','00:00:00'),(1561,1,'114','2017-09-01 00:00:00',1,'2017-09-01','00:00:00'),(1562,1,'114','2017-09-01 00:00:00',2,'2017-09-01','00:00:00'),(1563,1,'114','2017-09-02 00:00:00',1,'2017-09-02','00:00:00'),(1564,1,'114','2017-09-02 00:00:00',2,'2017-09-02','00:00:00'),(1565,1,'114','2017-09-03 00:00:00',1,'2017-09-03','00:00:00'),(1566,1,'114','2017-09-03 00:00:00',2,'2017-09-03','00:00:00'),(1567,1,'114','2017-09-04 00:00:00',1,'2017-09-04','00:00:00'),(1568,1,'114','2017-09-04 18:52:00',2,'2017-09-04','18:52:00'),(1569,1,'114','2017-09-05 07:46:00',1,'2017-09-05','07:46:00'),(1570,1,'114','2017-09-05 21:56:00',2,'2017-09-05','21:56:00'),(1571,1,'114','2017-09-06 08:06:00',1,'2017-09-06','08:06:00'),(1572,1,'114','2017-09-06 18:34:00',2,'2017-09-06','18:34:00'),(1573,1,'114','2017-09-07 07:24:00',1,'2017-09-07','07:24:00'),(1574,1,'114','2017-09-07 21:55:00',2,'2017-09-07','21:55:00'),(1575,1,'114','2017-09-08 07:20:00',1,'2017-09-08','07:20:00'),(1576,1,'114','2017-09-08 18:51:00',2,'2017-09-08','18:51:00'),(1577,1,'114','2017-09-09 07:17:00',1,'2017-09-09','07:17:00'),(1578,1,'114','2017-09-09 22:54:00',2,'2017-09-09','22:54:00'),(1579,1,'114','2017-09-10 07:15:00',1,'2017-09-10','07:15:00'),(1580,1,'114','2017-09-10 00:00:00',2,'2017-09-10','00:00:00'),(1581,1,'114','2017-09-11 12:18:00',1,'2017-09-11','12:18:00'),(1582,1,'114','2017-09-11 22:14:00',2,'2017-09-11','22:14:00'),(1583,1,'114','2017-09-12 12:38:00',1,'2017-09-12','12:38:00'),(1584,1,'114','2017-09-12 22:14:00',2,'2017-09-12','22:14:00'),(1585,1,'114','2017-09-13 12:30:00',1,'2017-09-13','12:30:00'),(1586,1,'114','2017-09-13 22:31:00',2,'2017-09-13','22:31:00'),(1587,1,'114','2017-09-14 12:39:00',1,'2017-09-14','12:39:00'),(1588,1,'114','2017-09-14 22:24:00',2,'2017-09-14','22:24:00'),(1589,1,'114','2017-09-15 11:39:00',1,'2017-09-15','11:39:00'),(1590,1,'114','2017-09-15 22:12:00',2,'2017-09-15','22:12:00'),(1591,1,'114','2017-09-16 00:00:00',1,'2017-09-16','00:00:00'),(1592,1,'114','2017-09-16 00:00:00',2,'2017-09-16','00:00:00'),(1593,1,'114','2017-09-17 00:00:00',1,'2017-09-17','00:00:00'),(1594,1,'114','2017-09-17 00:00:00',2,'2017-09-17','00:00:00'),(1595,1,'114','2017-09-18 06:24:00',1,'2017-09-18','06:24:00'),(1596,1,'114','2017-09-18 19:20:00',2,'2017-09-18','19:20:00'),(1597,1,'114','2017-09-19 06:27:00',1,'2017-09-19','06:27:00'),(1598,1,'114','2017-09-19 16:17:00',2,'2017-09-19','16:17:00'),(1599,1,'114','2017-09-20 06:27:00',1,'2017-09-20','06:27:00'),(1600,1,'114','2017-09-20 19:24:00',2,'2017-09-20','19:24:00'),(1601,1,'114','2017-09-21 00:00:00',1,'2017-09-21','00:00:00'),(1602,1,'114','2017-09-21 00:00:00',2,'2017-09-21','00:00:00'),(1603,1,'114','2017-09-22 06:28:00',1,'2017-09-22','06:28:00'),(1604,1,'114','2017-09-22 16:24:00',2,'2017-09-22','16:24:00'),(1605,1,'114','2017-09-23 00:00:00',1,'2017-09-23','00:00:00'),(1606,1,'114','2017-09-23 00:00:00',2,'2017-09-23','00:00:00'),(1607,1,'114','2017-09-24 00:00:00',1,'2017-09-24','00:00:00'),(1608,1,'114','2017-09-24 00:00:00',2,'2017-09-24','00:00:00'),(1609,1,'114','2017-09-25 00:00:00',1,'2017-09-25','00:00:00'),(1610,1,'114','2017-09-25 18:41:00',2,'2017-09-25','18:41:00'),(1611,1,'114','2017-09-26 07:32:00',1,'2017-09-26','07:32:00'),(1612,1,'114','2017-09-26 21:39:00',2,'2017-09-26','21:39:00'),(1613,1,'114','2017-09-27 07:28:00',1,'2017-09-27','07:28:00'),(1614,1,'114','2017-09-27 18:35:00',2,'2017-09-27','18:35:00'),(1615,1,'114','2017-09-28 07:45:00',1,'2017-09-28','07:45:00'),(1616,1,'114','2017-09-28 21:49:00',2,'2017-09-28','21:49:00'),(1617,1,'114','2017-09-29 07:34:00',1,'2017-09-29','07:34:00'),(1618,1,'114','2017-09-29 18:51:00',2,'2017-09-29','18:51:00'),(1619,1,'114','2017-09-30 07:01:00',1,'2017-09-30','07:01:00'),(1620,1,'114','2017-09-30 00:00:00',2,'2017-09-30','00:00:00'),(1621,1,'115','2017-09-01 00:00:00',1,'2017-09-01','00:00:00'),(1622,1,'115','2017-09-01 00:00:00',2,'2017-09-01','00:00:00'),(1623,1,'115','2017-09-02 00:00:00',1,'2017-09-02','00:00:00'),(1624,1,'115','2017-09-02 00:00:00',2,'2017-09-02','00:00:00'),(1625,1,'115','2017-09-03 00:00:00',1,'2017-09-03','00:00:00'),(1626,1,'115','2017-09-03 00:00:00',2,'2017-09-03','00:00:00'),(1627,1,'115','2017-09-04 06:22:00',1,'2017-09-04','06:22:00'),(1628,1,'115','2017-09-04 19:05:00',2,'2017-09-04','19:05:00'),(1629,1,'115','2017-09-05 06:24:00',1,'2017-09-05','06:24:00'),(1630,1,'115','2017-09-05 16:07:00',2,'2017-09-05','16:07:00'),(1631,1,'115','2017-09-06 06:32:00',1,'2017-09-06','06:32:00'),(1632,1,'115','2017-09-06 19:12:00',2,'2017-09-06','19:12:00'),(1633,1,'115','2017-09-07 06:27:00',1,'2017-09-07','06:27:00'),(1634,1,'115','2017-09-07 16:06:00',2,'2017-09-07','16:06:00'),(1635,1,'115','2017-09-08 06:27:00',1,'2017-09-08','06:27:00'),(1636,1,'115','2017-09-08 16:05:00',2,'2017-09-08','16:05:00'),(1637,1,'115','2017-09-09 00:00:00',1,'2017-09-09','00:00:00'),(1638,1,'115','2017-09-09 00:00:00',2,'2017-09-09','00:00:00'),(1639,1,'115','2017-09-10 00:00:00',1,'2017-09-10','00:00:00'),(1640,1,'115','2017-09-10 00:00:00',2,'2017-09-10','00:00:00'),(1641,1,'115','2017-09-11 06:16:00',1,'2017-09-11','06:16:00'),(1642,1,'115','2017-09-11 19:09:00',2,'2017-09-11','19:09:00'),(1643,1,'115','2017-09-12 06:31:00',1,'2017-09-12','06:31:00'),(1644,1,'115','2017-09-12 16:08:00',2,'2017-09-12','16:08:00'),(1645,1,'115','2017-09-13 06:33:00',1,'2017-09-13','06:33:00'),(1646,1,'115','2017-09-13 13:38:00',2,'2017-09-13','13:38:00'),(1647,1,'115','2017-09-14 06:36:00',1,'2017-09-14','06:36:00'),(1648,1,'115','2017-09-14 19:11:00',2,'2017-09-14','19:11:00'),(1649,1,'115','2017-09-15 06:38:00',1,'2017-09-15','06:38:00'),(1650,1,'115','2017-09-15 16:06:00',2,'2017-09-15','16:06:00'),(1651,1,'115','2017-09-16 00:00:00',1,'2017-09-16','00:00:00'),(1652,1,'115','2017-09-16 00:00:00',2,'2017-09-16','00:00:00'),(1653,1,'115','2017-09-17 00:00:00',1,'2017-09-17','00:00:00'),(1654,1,'115','2017-09-17 00:00:00',2,'2017-09-17','00:00:00'),(1655,1,'115','2017-09-18 06:19:00',1,'2017-09-18','06:19:00'),(1656,1,'115','2017-09-18 18:35:00',2,'2017-09-18','18:35:00'),(1657,1,'115','2017-09-19 06:29:00',1,'2017-09-19','06:29:00'),(1658,1,'115','2017-09-19 16:06:00',2,'2017-09-19','16:06:00'),(1659,1,'115','2017-09-20 06:29:00',1,'2017-09-20','06:29:00'),(1660,1,'115','2017-09-20 16:07:00',2,'2017-09-20','16:07:00'),(1661,1,'115','2017-09-21 00:00:00',1,'2017-09-21','00:00:00'),(1662,1,'115','2017-09-21 00:00:00',2,'2017-09-21','00:00:00'),(1663,1,'115','2017-09-22 06:22:00',1,'2017-09-22','06:22:00'),(1664,1,'115','2017-09-22 19:18:00',2,'2017-09-22','19:18:00'),(1665,1,'115','2017-09-23 00:00:00',1,'2017-09-23','00:00:00'),(1666,1,'115','2017-09-23 00:00:00',2,'2017-09-23','00:00:00'),(1667,1,'115','2017-09-24 00:00:00',1,'2017-09-24','00:00:00'),(1668,1,'115','2017-09-24 00:00:00',2,'2017-09-24','00:00:00'),(1669,1,'115','2017-09-25 06:14:00',1,'2017-09-25','06:14:00'),(1670,1,'115','2017-09-25 16:08:00',2,'2017-09-25','16:08:00'),(1671,1,'115','2017-09-26 06:30:00',1,'2017-09-26','06:30:00'),(1672,1,'115','2017-09-26 19:11:00',2,'2017-09-26','19:11:00'),(1673,1,'115','2017-09-27 06:34:00',1,'2017-09-27','06:34:00'),(1674,1,'115','2017-09-27 19:13:00',2,'2017-09-27','19:13:00'),(1675,1,'115','2017-09-28 06:34:00',1,'2017-09-28','06:34:00'),(1676,1,'115','2017-09-28 19:11:00',2,'2017-09-28','19:11:00'),(1677,1,'115','2017-09-29 06:40:00',1,'2017-09-29','06:40:00'),(1678,1,'115','2017-09-29 16:20:00',2,'2017-09-29','16:20:00'),(1679,1,'115','2017-09-30 00:00:00',1,'2017-09-30','00:00:00'),(1680,1,'115','2017-09-30 00:00:00',2,'2017-09-30','00:00:00'),(1681,1,'116','2017-09-01 00:00:00',1,'2017-09-01','00:00:00'),(1682,1,'116','2017-09-01 00:00:00',2,'2017-09-01','00:00:00'),(1683,1,'116','2017-09-02 00:00:00',1,'2017-09-02','00:00:00'),(1684,1,'116','2017-09-02 00:00:00',2,'2017-09-02','00:00:00'),(1685,1,'116','2017-09-03 00:00:00',1,'2017-09-03','00:00:00'),(1686,1,'116','2017-09-03 00:00:00',2,'2017-09-03','00:00:00'),(1687,1,'116','2017-09-04 06:33:00',1,'2017-09-04','06:33:00'),(1688,1,'116','2017-09-04 16:24:00',2,'2017-09-04','16:24:00'),(1689,1,'116','2017-09-05 06:30:00',1,'2017-09-05','06:30:00'),(1690,1,'116','2017-09-05 16:06:00',2,'2017-09-05','16:06:00'),(1691,1,'116','2017-09-06 06:40:00',1,'2017-09-06','06:40:00'),(1692,1,'116','2017-09-06 19:12:00',2,'2017-09-06','19:12:00'),(1693,1,'116','2017-09-07 06:23:00',1,'2017-09-07','06:23:00'),(1694,1,'116','2017-09-07 16:15:00',2,'2017-09-07','16:15:00'),(1695,1,'116','2017-09-08 06:35:00',1,'2017-09-08','06:35:00'),(1696,1,'116','2017-09-08 19:16:00',2,'2017-09-08','19:16:00'),(1697,1,'116','2017-09-09 06:28:00',1,'2017-09-09','06:28:00'),(1698,1,'116','2017-09-09 15:03:00',2,'2017-09-09','15:03:00'),(1699,1,'116','2017-09-10 00:00:00',1,'2017-09-10','00:00:00'),(1700,1,'116','2017-09-10 00:00:00',2,'2017-09-10','00:00:00'),(1701,1,'116','2017-09-11 00:00:00',1,'2017-09-11','00:00:00'),(1702,1,'116','2017-09-11 19:26:00',2,'2017-09-11','19:26:00'),(1703,1,'116','2017-09-12 05:22:00',1,'2017-09-12','05:22:00'),(1704,1,'116','2017-09-12 19:51:00',2,'2017-09-12','19:51:00'),(1705,1,'116','2017-09-13 07:18:00',1,'2017-09-13','07:18:00'),(1706,1,'116','2017-09-13 19:54:00',2,'2017-09-13','19:54:00'),(1707,1,'116','2017-09-14 07:29:00',1,'2017-09-14','07:29:00'),(1708,1,'116','2017-09-14 19:46:00',2,'2017-09-14','19:46:00'),(1709,1,'116','2017-09-15 07:47:00',1,'2017-09-15','07:47:00'),(1710,1,'116','2017-09-15 19:49:00',2,'2017-09-15','19:49:00'),(1711,1,'116','2017-09-16 05:04:00',1,'2017-09-16','05:04:00'),(1712,1,'116','2017-09-16 00:00:00',2,'2017-09-16','00:00:00'),(1713,1,'116','2017-09-17 00:00:00',1,'2017-09-17','00:00:00'),(1714,1,'116','2017-09-17 00:00:00',2,'2017-09-17','00:00:00'),(1715,1,'116','2017-09-18 11:00:00',1,'2017-09-18','11:00:00'),(1716,1,'116','2017-09-18 20:10:00',2,'2017-09-18','20:10:00'),(1717,1,'116','2017-09-19 10:44:00',1,'2017-09-19','10:44:00'),(1718,1,'116','2017-09-19 20:38:00',2,'2017-09-19','20:38:00'),(1719,1,'116','2017-09-20 10:58:00',1,'2017-09-20','10:58:00'),(1720,1,'116','2017-09-20 20:14:00',2,'2017-09-20','20:14:00'),(1721,1,'116','2017-09-21 00:00:00',1,'2017-09-21','00:00:00'),(1722,1,'116','2017-09-21 00:00:00',2,'2017-09-21','00:00:00'),(1723,1,'116','2017-09-22 10:42:00',1,'2017-09-22','10:42:00'),(1724,1,'116','2017-09-22 20:31:00',2,'2017-09-22','20:31:00'),(1725,1,'116','2017-09-23 00:00:00',1,'2017-09-23','00:00:00'),(1726,1,'116','2017-09-23 00:00:00',2,'2017-09-23','00:00:00'),(1727,1,'116','2017-09-24 00:00:00',1,'2017-09-24','00:00:00'),(1728,1,'116','2017-09-24 00:00:00',2,'2017-09-24','00:00:00'),(1729,1,'116','2017-09-25 06:39:00',1,'2017-09-25','06:39:00'),(1730,1,'116','2017-09-25 16:08:00',2,'2017-09-25','16:08:00'),(1731,1,'116','2017-09-26 06:39:00',1,'2017-09-26','06:39:00'),(1732,1,'116','2017-09-26 16:18:00',2,'2017-09-26','16:18:00'),(1733,1,'116','2017-09-27 06:28:00',1,'2017-09-27','06:28:00'),(1734,1,'116','2017-09-27 19:15:00',2,'2017-09-27','19:15:00'),(1735,1,'116','2017-09-28 06:42:00',1,'2017-09-28','06:42:00'),(1736,1,'116','2017-09-28 16:25:00',2,'2017-09-28','16:25:00'),(1737,1,'116','2017-09-29 06:29:00',1,'2017-09-29','06:29:00'),(1738,1,'116','2017-09-29 16:04:00',2,'2017-09-29','16:04:00'),(1739,1,'116','2017-09-30 00:00:00',1,'2017-09-30','00:00:00'),(1740,1,'116','2017-09-30 00:00:00',2,'2017-09-30','00:00:00'),(1741,1,'119','2017-09-01 00:00:00',1,'2017-09-01','00:00:00'),(1742,1,'119','2017-09-01 00:00:00',2,'2017-09-01','00:00:00'),(1743,1,'119','2017-09-02 00:00:00',1,'2017-09-02','00:00:00'),(1744,1,'119','2017-09-02 00:00:00',2,'2017-09-02','00:00:00'),(1745,1,'119','2017-09-03 00:00:00',1,'2017-09-03','00:00:00'),(1746,1,'119','2017-09-03 00:00:00',2,'2017-09-03','00:00:00'),(1747,1,'119','2017-09-04 00:00:00',1,'2017-09-04','00:00:00'),(1748,1,'119','2017-09-04 00:00:00',2,'2017-09-04','00:00:00'),(1749,1,'119','2017-09-05 00:00:00',1,'2017-09-05','00:00:00'),(1750,1,'119','2017-09-05 00:00:00',2,'2017-09-05','00:00:00'),(1751,1,'119','2017-09-06 00:00:00',1,'2017-09-06','00:00:00'),(1752,1,'119','2017-09-06 00:00:00',2,'2017-09-06','00:00:00'),(1753,1,'119','2017-09-07 00:00:00',1,'2017-09-07','00:00:00'),(1754,1,'119','2017-09-07 00:00:00',2,'2017-09-07','00:00:00'),(1755,1,'119','2017-09-08 10:37:00',1,'2017-09-08','10:37:00'),(1756,1,'119','2017-09-08 16:08:00',2,'2017-09-08','16:08:00'),(1757,1,'119','2017-09-09 00:00:00',1,'2017-09-09','00:00:00'),(1758,1,'119','2017-09-09 00:00:00',2,'2017-09-09','00:00:00'),(1759,1,'119','2017-09-10 00:00:00',1,'2017-09-10','00:00:00'),(1760,1,'119','2017-09-10 00:00:00',2,'2017-09-10','00:00:00'),(1761,1,'119','2017-09-11 06:07:00',1,'2017-09-11','06:07:00'),(1762,1,'119','2017-09-11 16:09:00',2,'2017-09-11','16:09:00'),(1763,1,'119','2017-09-12 06:08:00',1,'2017-09-12','06:08:00'),(1764,1,'119','2017-09-12 16:12:00',2,'2017-09-12','16:12:00'),(1765,1,'119','2017-09-13 06:14:00',1,'2017-09-13','06:14:00'),(1766,1,'119','2017-09-13 16:10:00',2,'2017-09-13','16:10:00'),(1767,1,'119','2017-09-14 06:09:00',1,'2017-09-14','06:09:00'),(1768,1,'119','2017-09-14 16:10:00',2,'2017-09-14','16:10:00'),(1769,1,'119','2017-09-15 06:09:00',1,'2017-09-15','06:09:00'),(1770,1,'119','2017-09-15 16:44:00',2,'2017-09-15','16:44:00'),(1771,1,'119','2017-09-16 00:00:00',1,'2017-09-16','00:00:00'),(1772,1,'119','2017-09-16 00:00:00',2,'2017-09-16','00:00:00'),(1773,1,'119','2017-09-17 00:00:00',1,'2017-09-17','00:00:00'),(1774,1,'119','2017-09-17 00:00:00',2,'2017-09-17','00:00:00'),(1775,1,'119','2017-09-18 06:08:00',1,'2017-09-18','06:08:00'),(1776,1,'119','2017-09-18 16:18:00',2,'2017-09-18','16:18:00'),(1777,1,'119','2017-09-19 06:08:00',1,'2017-09-19','06:08:00'),(1778,1,'119','2017-09-19 16:13:00',2,'2017-09-19','16:13:00'),(1779,1,'119','2017-09-20 06:12:00',1,'2017-09-20','06:12:00'),(1780,1,'119','2017-09-20 16:24:00',2,'2017-09-20','16:24:00'),(1781,1,'119','2017-09-21 00:00:00',1,'2017-09-21','00:00:00'),(1782,1,'119','2017-09-21 00:00:00',2,'2017-09-21','00:00:00'),(1783,1,'119','2017-09-22 06:12:00',1,'2017-09-22','06:12:00'),(1784,1,'119','2017-09-22 16:26:00',2,'2017-09-22','16:26:00'),(1785,1,'119','2017-09-23 00:00:00',1,'2017-09-23','00:00:00'),(1786,1,'119','2017-09-23 00:00:00',2,'2017-09-23','00:00:00'),(1787,1,'119','2017-09-24 00:00:00',1,'2017-09-24','00:00:00'),(1788,1,'119','2017-09-24 00:00:00',2,'2017-09-24','00:00:00'),(1789,1,'119','2017-09-25 12:17:00',1,'2017-09-25','12:17:00'),(1790,1,'119','2017-09-25 22:20:00',2,'2017-09-25','22:20:00'),(1791,1,'119','2017-09-26 12:31:00',1,'2017-09-26','12:31:00'),(1792,1,'119','2017-09-26 22:13:00',2,'2017-09-26','22:13:00'),(1793,1,'119','2017-09-27 12:27:00',1,'2017-09-27','12:27:00'),(1794,1,'119','2017-09-27 22:10:00',2,'2017-09-27','22:10:00'),(1795,1,'119','2017-09-28 12:31:00',1,'2017-09-28','12:31:00'),(1796,1,'119','2017-09-28 22:15:00',2,'2017-09-28','22:15:00'),(1797,1,'119','2017-09-29 11:29:00',1,'2017-09-29','11:29:00'),(1798,1,'119','2017-09-29 22:12:00',2,'2017-09-29','22:12:00'),(1799,1,'119','2017-09-30 00:00:00',1,'2017-09-30','00:00:00'),(1800,1,'119','2017-09-30 00:00:00',2,'2017-09-30','00:00:00'),(1801,1,'121','2017-09-01 00:00:00',1,'2017-09-01','00:00:00'),(1802,1,'121','2017-09-01 00:00:00',2,'2017-09-01','00:00:00'),(1803,1,'121','2017-09-02 00:00:00',1,'2017-09-02','00:00:00'),(1804,1,'121','2017-09-02 00:00:00',2,'2017-09-02','00:00:00'),(1805,1,'121','2017-09-03 00:00:00',1,'2017-09-03','00:00:00'),(1806,1,'121','2017-09-03 00:00:00',2,'2017-09-03','00:00:00'),(1807,1,'121','2017-09-04 00:00:00',1,'2017-09-04','00:00:00'),(1808,1,'121','2017-09-04 00:00:00',2,'2017-09-04','00:00:00'),(1809,1,'121','2017-09-05 00:00:00',1,'2017-09-05','00:00:00'),(1810,1,'121','2017-09-05 00:00:00',2,'2017-09-05','00:00:00'),(1811,1,'121','2017-09-06 00:00:00',1,'2017-09-06','00:00:00'),(1812,1,'121','2017-09-06 00:00:00',2,'2017-09-06','00:00:00'),(1813,1,'121','2017-09-07 00:00:00',1,'2017-09-07','00:00:00'),(1814,1,'121','2017-09-07 00:00:00',2,'2017-09-07','00:00:00'),(1815,1,'121','2017-09-08 10:39:00',1,'2017-09-08','10:39:00'),(1816,1,'121','2017-09-08 16:09:00',2,'2017-09-08','16:09:00'),(1817,1,'121','2017-09-09 00:00:00',1,'2017-09-09','00:00:00'),(1818,1,'121','2017-09-09 00:00:00',2,'2017-09-09','00:00:00'),(1819,1,'121','2017-09-10 00:00:00',1,'2017-09-10','00:00:00'),(1820,1,'121','2017-09-10 00:00:00',2,'2017-09-10','00:00:00'),(1821,1,'121','2017-09-11 06:12:00',1,'2017-09-11','06:12:00'),(1822,1,'121','2017-09-11 16:09:00',2,'2017-09-11','16:09:00'),(1823,1,'121','2017-09-12 06:08:00',1,'2017-09-12','06:08:00'),(1824,1,'121','2017-09-12 16:10:00',2,'2017-09-12','16:10:00'),(1825,1,'121','2017-09-13 06:12:00',1,'2017-09-13','06:12:00'),(1826,1,'121','2017-09-13 16:08:00',2,'2017-09-13','16:08:00'),(1827,1,'121','2017-09-14 06:14:00',1,'2017-09-14','06:14:00'),(1828,1,'121','2017-09-14 16:10:00',2,'2017-09-14','16:10:00'),(1829,1,'121','2017-09-15 06:26:00',1,'2017-09-15','06:26:00'),(1830,1,'121','2017-09-15 16:29:00',2,'2017-09-15','16:29:00'),(1831,1,'121','2017-09-16 00:00:00',1,'2017-09-16','00:00:00'),(1832,1,'121','2017-09-16 00:00:00',2,'2017-09-16','00:00:00'),(1833,1,'121','2017-09-17 00:00:00',1,'2017-09-17','00:00:00'),(1834,1,'121','2017-09-17 00:00:00',2,'2017-09-17','00:00:00'),(1835,1,'121','2017-09-18 06:14:00',1,'2017-09-18','06:14:00'),(1836,1,'121','2017-09-18 16:13:00',2,'2017-09-18','16:13:00'),(1837,1,'121','2017-09-19 06:23:00',1,'2017-09-19','06:23:00'),(1838,1,'121','2017-09-19 16:07:00',2,'2017-09-19','16:07:00'),(1839,1,'121','2017-09-20 06:26:00',1,'2017-09-20','06:26:00'),(1840,1,'121','2017-09-20 16:08:00',2,'2017-09-20','16:08:00'),(1841,1,'121','2017-09-21 00:00:00',1,'2017-09-21','00:00:00'),(1842,1,'121','2017-09-21 00:00:00',2,'2017-09-21','00:00:00'),(1843,1,'121','2017-09-22 06:23:00',1,'2017-09-22','06:23:00'),(1844,1,'121','2017-09-22 16:09:00',2,'2017-09-22','16:09:00'),(1845,1,'121','2017-09-23 00:00:00',1,'2017-09-23','00:00:00'),(1846,1,'121','2017-09-23 00:00:00',2,'2017-09-23','00:00:00'),(1847,1,'121','2017-09-24 00:00:00',1,'2017-09-24','00:00:00'),(1848,1,'121','2017-09-24 00:00:00',2,'2017-09-24','00:00:00'),(1849,1,'121','2017-09-25 06:30:00',1,'2017-09-25','06:30:00'),(1850,1,'121','2017-09-25 16:08:00',2,'2017-09-25','16:08:00'),(1851,1,'121','2017-09-26 06:31:00',1,'2017-09-26','06:31:00'),(1852,1,'121','2017-09-26 16:14:00',2,'2017-09-26','16:14:00'),(1853,1,'121','2017-09-27 06:35:00',1,'2017-09-27','06:35:00'),(1854,1,'121','2017-09-27 16:30:00',2,'2017-09-27','16:30:00'),(1855,1,'121','2017-09-28 06:40:00',1,'2017-09-28','06:40:00'),(1856,1,'121','2017-09-28 16:08:00',2,'2017-09-28','16:08:00'),(1857,1,'121','2017-09-29 06:12:00',1,'2017-09-29','06:12:00'),(1858,1,'121','2017-09-29 16:09:00',2,'2017-09-29','16:09:00'),(1859,1,'121','2017-09-30 00:00:00',1,'2017-09-30','00:00:00'),(1860,1,'121','2017-09-30 00:00:00',2,'2017-09-30','00:00:00'),(1861,1,'103','2017-09-01 00:00:00',1,'2017-09-01','00:00:00'),(1862,1,'103','2017-09-01 00:00:00',2,'2017-09-01','00:00:00'),(1863,1,'103','2017-09-02 00:00:00',1,'2017-09-02','00:00:00'),(1864,1,'103','2017-09-02 00:00:00',2,'2017-09-02','00:00:00'),(1865,1,'103','2017-09-03 00:00:00',1,'2017-09-03','00:00:00'),(1866,1,'103','2017-09-03 00:00:00',2,'2017-09-03','00:00:00'),(1867,1,'103','2017-09-04 06:40:00',1,'2017-09-04','06:40:00'),(1868,1,'103','2017-09-04 19:07:00',2,'2017-09-04','19:07:00'),(1869,1,'103','2017-09-05 06:45:00',1,'2017-09-05','06:45:00'),(1870,1,'103','2017-09-05 16:17:00',2,'2017-09-05','16:17:00'),(1871,1,'103','2017-09-06 06:47:00',1,'2017-09-06','06:47:00'),(1872,1,'103','2017-09-06 19:16:00',2,'2017-09-06','19:16:00'),(1873,1,'103','2017-09-07 06:46:00',1,'2017-09-07','06:46:00'),(1874,1,'103','2017-09-07 16:10:00',2,'2017-09-07','16:10:00'),(1875,1,'103','2017-09-08 06:33:00',1,'2017-09-08','06:33:00'),(1876,1,'103','2017-09-08 19:05:00',2,'2017-09-08','19:05:00'),(1877,1,'103','2017-09-09 08:18:00',1,'2017-09-09','08:18:00'),(1878,1,'103','2017-09-09 16:20:00',2,'2017-09-09','16:20:00'),(1879,1,'103','2017-09-10 00:00:00',1,'2017-09-10','00:00:00'),(1880,1,'103','2017-09-10 00:00:00',2,'2017-09-10','00:00:00'),(1881,1,'103','2017-09-11 00:00:00',1,'2017-09-11','00:00:00'),(1882,1,'103','2017-09-11 18:37:00',2,'2017-09-11','18:37:00'),(1883,1,'103','2017-09-12 07:15:00',1,'2017-09-12','07:15:00'),(1884,1,'103','2017-09-12 21:59:00',2,'2017-09-12','21:59:00'),(1885,1,'103','2017-09-13 07:22:00',1,'2017-09-13','07:22:00'),(1886,1,'103','2017-09-13 18:49:00',2,'2017-09-13','18:49:00'),(1887,1,'103','2017-09-14 07:31:00',1,'2017-09-14','07:31:00'),(1888,1,'103','2017-09-14 21:45:00',2,'2017-09-14','21:45:00'),(1889,1,'103','2017-09-15 08:00:00',1,'2017-09-15','08:00:00'),(1890,1,'103','2017-09-15 18:55:00',2,'2017-09-15','18:55:00'),(1891,1,'103','2017-09-16 07:07:00',1,'2017-09-16','07:07:00'),(1892,1,'103','2017-09-16 00:00:00',2,'2017-09-16','00:00:00'),(1893,1,'103','2017-09-17 00:00:00',1,'2017-09-17','00:00:00'),(1894,1,'103','2017-09-17 00:00:00',2,'2017-09-17','00:00:00'),(1895,1,'103','2017-09-18 12:29:00',1,'2017-09-18','12:29:00'),(1896,1,'103','2017-09-18 22:19:00',2,'2017-09-18','22:19:00'),(1897,1,'103','2017-09-19 12:33:00',1,'2017-09-19','12:33:00'),(1898,1,'103','2017-09-19 22:07:00',2,'2017-09-19','22:07:00'),(1899,1,'103','2017-09-20 12:32:00',1,'2017-09-20','12:32:00'),(1900,1,'103','2017-09-20 22:32:00',2,'2017-09-20','22:32:00'),(1901,1,'103','2017-09-21 00:00:00',1,'2017-09-21','00:00:00'),(1902,1,'103','2017-09-21 00:00:00',2,'2017-09-21','00:00:00'),(1903,1,'103','2017-09-22 12:36:00',1,'2017-09-22','12:36:00'),(1904,1,'103','2017-09-22 22:24:00',2,'2017-09-22','22:24:00'),(1905,1,'103','2017-09-23 00:00:00',1,'2017-09-23','00:00:00'),(1906,1,'103','2017-09-23 00:00:00',2,'2017-09-23','00:00:00'),(1907,1,'103','2017-09-24 00:00:00',1,'2017-09-24','00:00:00'),(1908,1,'103','2017-09-24 00:00:00',2,'2017-09-24','00:00:00'),(1909,1,'103','2017-09-25 06:56:00',1,'2017-09-25','06:56:00'),(1910,1,'103','2017-09-25 19:06:00',2,'2017-09-25','19:06:00'),(1911,1,'103','2017-09-26 06:40:00',1,'2017-09-26','06:40:00'),(1912,1,'103','2017-09-26 16:13:00',2,'2017-09-26','16:13:00'),(1913,1,'103','2017-09-27 06:49:00',1,'2017-09-27','06:49:00'),(1914,1,'103','2017-09-27 19:13:00',2,'2017-09-27','19:13:00'),(1915,1,'103','2017-09-28 06:25:00',1,'2017-09-28','06:25:00'),(1916,1,'103','2017-09-28 16:07:00',2,'2017-09-28','16:07:00'),(1917,1,'103','2017-09-29 06:14:00',1,'2017-09-29','06:14:00'),(1918,1,'103','2017-09-29 19:11:00',2,'2017-09-29','19:11:00'),(1919,1,'103','2017-09-30 00:00:00',1,'2017-09-30','00:00:00'),(1920,1,'103','2017-09-30 00:00:00',2,'2017-09-30','00:00:00'),(1921,1,'104','2017-09-01 05:01:00',1,'2017-09-01','05:01:00'),(1922,1,'104','2017-09-01 00:00:00',2,'2017-09-01','00:00:00'),(1923,1,'104','2017-09-02 00:00:00',1,'2017-09-02','00:00:00'),(1924,1,'104','2017-09-02 00:00:00',2,'2017-09-02','00:00:00'),(1925,1,'104','2017-09-03 00:00:00',1,'2017-09-03','00:00:00'),(1926,1,'104','2017-09-03 00:00:00',2,'2017-09-03','00:00:00'),(1927,1,'104','2017-09-04 12:17:00',1,'2017-09-04','12:17:00'),(1928,1,'104','2017-09-04 22:06:00',2,'2017-09-04','22:06:00'),(1929,1,'104','2017-09-05 12:44:00',1,'2017-09-05','12:44:00'),(1930,1,'104','2017-09-05 22:12:00',2,'2017-09-05','22:12:00'),(1931,1,'104','2017-09-06 12:47:00',1,'2017-09-06','12:47:00'),(1932,1,'104','2017-09-06 22:20:00',2,'2017-09-06','22:20:00'),(1933,1,'104','2017-09-07 12:40:00',1,'2017-09-07','12:40:00'),(1934,1,'104','2017-09-07 22:07:00',2,'2017-09-07','22:07:00'),(1935,1,'104','2017-09-08 12:43:00',1,'2017-09-08','12:43:00'),(1936,1,'104','2017-09-08 22:00:00',2,'2017-09-08','22:00:00'),(1937,1,'104','2017-09-09 14:28:00',1,'2017-09-09','14:28:00'),(1938,1,'104','2017-09-09 23:07:00',2,'2017-09-09','23:07:00'),(1939,1,'104','2017-09-10 00:00:00',1,'2017-09-10','00:00:00'),(1940,1,'104','2017-09-10 00:00:00',2,'2017-09-10','00:00:00'),(1941,1,'104','2017-09-11 06:41:00',1,'2017-09-11','06:41:00'),(1942,1,'104','2017-09-11 19:12:00',2,'2017-09-11','19:12:00'),(1943,1,'104','2017-09-12 06:37:00',1,'2017-09-12','06:37:00'),(1944,1,'104','2017-09-12 16:08:00',2,'2017-09-12','16:08:00'),(1945,1,'104','2017-09-13 06:43:00',1,'2017-09-13','06:43:00'),(1946,1,'104','2017-09-13 19:19:00',2,'2017-09-13','19:19:00'),(1947,1,'104','2017-09-14 06:39:00',1,'2017-09-14','06:39:00'),(1948,1,'104','2017-09-14 16:11:00',2,'2017-09-14','16:11:00'),(1949,1,'104','2017-09-15 06:34:00',1,'2017-09-15','06:34:00'),(1950,1,'104','2017-09-15 19:22:00',2,'2017-09-15','19:22:00'),(1951,1,'104','2017-09-16 00:00:00',1,'2017-09-16','00:00:00'),(1952,1,'104','2017-09-16 00:00:00',2,'2017-09-16','00:00:00'),(1953,1,'104','2017-09-17 00:00:00',1,'2017-09-17','00:00:00'),(1954,1,'104','2017-09-17 00:00:00',2,'2017-09-17','00:00:00'),(1955,1,'104','2017-09-18 00:00:00',1,'2017-09-18','00:00:00'),(1956,1,'104','2017-09-18 18:36:00',2,'2017-09-18','18:36:00'),(1957,1,'104','2017-09-19 07:34:00',1,'2017-09-19','07:34:00'),(1958,1,'104','2017-09-19 21:24:00',2,'2017-09-19','21:24:00'),(1959,1,'104','2017-09-20 07:18:00',1,'2017-09-20','07:18:00'),(1960,1,'104','2017-09-20 18:31:00',2,'2017-09-20','18:31:00'),(1961,1,'104','2017-09-21 07:19:00',1,'2017-09-21','07:19:00'),(1962,1,'104','2017-09-21 00:00:00',2,'2017-09-21','00:00:00'),(1963,1,'104','2017-09-22 00:00:00',1,'2017-09-22','00:00:00'),(1964,1,'104','2017-09-22 21:50:00',2,'2017-09-22','21:50:00'),(1965,1,'104','2017-09-23 07:05:00',1,'2017-09-23','07:05:00'),(1966,1,'104','2017-09-23 00:00:00',2,'2017-09-23','00:00:00'),(1967,1,'104','2017-09-24 00:00:00',1,'2017-09-24','00:00:00'),(1968,1,'104','2017-09-24 00:00:00',2,'2017-09-24','00:00:00'),(1969,1,'104','2017-09-25 12:11:00',1,'2017-09-25','12:11:00'),(1970,1,'104','2017-09-25 22:11:00',2,'2017-09-25','22:11:00'),(1971,1,'104','2017-09-26 12:43:00',1,'2017-09-26','12:43:00'),(1972,1,'104','2017-09-26 22:07:00',2,'2017-09-26','22:07:00'),(1973,1,'104','2017-09-27 12:33:00',1,'2017-09-27','12:33:00'),(1974,1,'104','2017-09-27 22:07:00',2,'2017-09-27','22:07:00'),(1975,1,'104','2017-09-28 12:40:00',1,'2017-09-28','12:40:00'),(1976,1,'104','2017-09-28 22:07:00',2,'2017-09-28','22:07:00'),(1977,1,'104','2017-09-29 12:36:00',1,'2017-09-29','12:36:00'),(1978,1,'104','2017-09-29 22:06:00',2,'2017-09-29','22:06:00'),(1979,1,'104','2017-09-30 00:00:00',1,'2017-09-30','00:00:00'),(1980,1,'104','2017-09-30 00:00:00',2,'2017-09-30','00:00:00'),(1981,1,'105','2017-09-01 00:00:00',1,'2017-09-01','00:00:00'),(1982,1,'105','2017-09-01 00:00:00',2,'2017-09-01','00:00:00'),(1983,1,'105','2017-09-02 00:00:00',1,'2017-09-02','00:00:00'),(1984,1,'105','2017-09-02 00:00:00',2,'2017-09-02','00:00:00'),(1985,1,'105','2017-09-03 00:00:00',1,'2017-09-03','00:00:00'),(1986,1,'105','2017-09-03 00:00:00',2,'2017-09-03','00:00:00'),(1987,1,'105','2017-09-04 00:00:00',1,'2017-09-04','00:00:00'),(1988,1,'105','2017-09-04 21:53:00',2,'2017-09-04','21:53:00'),(1989,1,'105','2017-09-05 07:46:00',1,'2017-09-05','07:46:00'),(1990,1,'105','2017-09-05 18:39:00',2,'2017-09-05','18:39:00'),(1991,1,'105','2017-09-06 07:40:00',1,'2017-09-06','07:40:00'),(1992,1,'105','2017-09-06 21:46:00',2,'2017-09-06','21:46:00'),(1993,1,'105','2017-09-07 07:24:00',1,'2017-09-07','07:24:00'),(1994,1,'105','2017-09-07 18:47:00',2,'2017-09-07','18:47:00'),(1995,1,'105','2017-09-08 07:20:00',1,'2017-09-08','07:20:00'),(1996,1,'105','2017-09-08 21:27:00',2,'2017-09-08','21:27:00'),(1997,1,'105','2017-09-09 07:16:00',1,'2017-09-09','07:16:00'),(1998,1,'105','2017-09-09 22:50:00',2,'2017-09-09','22:50:00'),(1999,1,'105','2017-09-10 07:19:00',1,'2017-09-10','07:19:00'),(2000,1,'105','2017-09-10 16:43:00',2,'2017-09-10','16:43:00'),(2001,1,'105','2017-09-11 12:51:00',1,'2017-09-11','12:51:00'),(2002,1,'105','2017-09-11 22:09:00',2,'2017-09-11','22:09:00'),(2003,1,'105','2017-09-12 12:42:00',1,'2017-09-12','12:42:00'),(2004,1,'105','2017-09-12 22:15:00',2,'2017-09-12','22:15:00'),(2005,1,'105','2017-09-13 12:41:00',1,'2017-09-13','12:41:00'),(2006,1,'105','2017-09-13 22:23:00',2,'2017-09-13','22:23:00'),(2007,1,'105','2017-09-14 12:39:00',1,'2017-09-14','12:39:00'),(2008,1,'105','2017-09-14 22:23:00',2,'2017-09-14','22:23:00'),(2009,1,'105','2017-09-15 12:53:00',1,'2017-09-15','12:53:00'),(2010,1,'105','2017-09-15 22:12:00',2,'2017-09-15','22:12:00'),(2011,1,'105','2017-09-16 00:00:00',1,'2017-09-16','00:00:00'),(2012,1,'105','2017-09-16 00:00:00',2,'2017-09-16','00:00:00'),(2013,1,'105','2017-09-17 00:00:00',1,'2017-09-17','00:00:00'),(2014,1,'105','2017-09-17 00:00:00',2,'2017-09-17','00:00:00'),(2015,1,'105','2017-09-18 06:46:00',1,'2017-09-18','06:46:00'),(2016,1,'105','2017-09-18 16:15:00',2,'2017-09-18','16:15:00'),(2017,1,'105','2017-09-19 06:45:00',1,'2017-09-19','06:45:00'),(2018,1,'105','2017-09-19 19:19:00',2,'2017-09-19','19:19:00'),(2019,1,'105','2017-09-20 06:47:00',1,'2017-09-20','06:47:00'),(2020,1,'105','2017-09-20 16:15:00',2,'2017-09-20','16:15:00'),(2021,1,'105','2017-09-21 00:00:00',1,'2017-09-21','00:00:00'),(2022,1,'105','2017-09-21 00:00:00',2,'2017-09-21','00:00:00'),(2023,1,'105','2017-09-22 06:40:00',1,'2017-09-22','06:40:00'),(2024,1,'105','2017-09-22 16:18:00',2,'2017-09-22','16:18:00'),(2025,1,'105','2017-09-23 00:00:00',1,'2017-09-23','00:00:00'),(2026,1,'105','2017-09-23 00:00:00',2,'2017-09-23','00:00:00'),(2027,1,'105','2017-09-24 00:00:00',1,'2017-09-24','00:00:00'),(2028,1,'105','2017-09-24 00:00:00',2,'2017-09-24','00:00:00'),(2029,1,'105','2017-09-25 00:00:00',1,'2017-09-25','00:00:00'),(2030,1,'105','2017-09-25 21:40:00',2,'2017-09-25','21:40:00'),(2031,1,'105','2017-09-26 07:31:00',1,'2017-09-26','07:31:00'),(2032,1,'105','2017-09-26 18:23:00',2,'2017-09-26','18:23:00'),(2033,1,'105','2017-09-27 07:27:00',1,'2017-09-27','07:27:00'),(2034,1,'105','2017-09-27 21:56:00',2,'2017-09-27','21:56:00'),(2035,1,'105','2017-09-28 07:45:00',1,'2017-09-28','07:45:00'),(2036,1,'105','2017-09-28 18:26:00',2,'2017-09-28','18:26:00'),(2037,1,'105','2017-09-29 07:35:00',1,'2017-09-29','07:35:00'),(2038,1,'105','2017-09-29 21:55:00',2,'2017-09-29','21:55:00'),(2039,1,'105','2017-09-30 07:01:00',1,'2017-09-30','07:01:00'),(2040,1,'105','2017-09-30 00:00:00',2,'2017-09-30','00:00:00'),(2041,1,'37','2017-09-01 00:00:00',1,'2017-09-01','00:00:00'),(2042,1,'37','2017-09-01 00:00:00',2,'2017-09-01','00:00:00'),(2043,1,'37','2017-09-02 00:00:00',1,'2017-09-02','00:00:00'),(2044,1,'37','2017-09-02 00:00:00',2,'2017-09-02','00:00:00'),(2045,1,'37','2017-09-03 00:00:00',1,'2017-09-03','00:00:00'),(2046,1,'37','2017-09-03 00:00:00',2,'2017-09-03','00:00:00'),(2047,1,'37','2017-09-04 06:29:00',1,'2017-09-04','06:29:00'),(2048,1,'37','2017-09-04 00:00:00',2,'2017-09-04','00:00:00'),(2049,1,'37','2017-09-05 00:00:00',1,'2017-09-05','00:00:00'),(2050,1,'37','2017-09-05 00:00:00',2,'2017-09-05','00:00:00'),(2051,1,'37','2017-09-06 00:00:00',1,'2017-09-06','00:00:00'),(2052,1,'37','2017-09-06 00:00:00',2,'2017-09-06','00:00:00'),(2053,1,'37','2017-09-07 06:31:00',1,'2017-09-07','06:31:00'),(2054,1,'37','2017-09-07 19:08:00',2,'2017-09-07','19:08:00'),(2055,1,'37','2017-09-08 06:27:00',1,'2017-09-08','06:27:00'),(2056,1,'37','2017-09-08 19:03:00',2,'2017-09-08','19:03:00'),(2057,1,'37','2017-09-09 06:37:00',1,'2017-09-09','06:37:00'),(2058,1,'37','2017-09-09 15:02:00',2,'2017-09-09','15:02:00'),(2059,1,'37','2017-09-10 00:00:00',1,'2017-09-10','00:00:00'),(2060,1,'37','2017-09-10 00:00:00',2,'2017-09-10','00:00:00'),(2061,1,'37','2017-09-11 06:31:00',1,'2017-09-11','06:31:00'),(2062,1,'37','2017-09-11 19:11:00',2,'2017-09-11','19:11:00'),(2063,1,'37','2017-09-12 06:32:00',1,'2017-09-12','06:32:00'),(2064,1,'37','2017-09-12 16:09:00',2,'2017-09-12','16:09:00'),(2065,1,'37','2017-09-13 06:34:00',1,'2017-09-13','06:34:00'),(2066,1,'37','2017-09-13 19:24:00',2,'2017-09-13','19:24:00'),(2067,1,'37','2017-09-14 06:30:00',1,'2017-09-14','06:30:00'),(2068,1,'37','2017-09-14 16:08:00',2,'2017-09-14','16:08:00'),(2069,1,'37','2017-09-15 06:40:00',1,'2017-09-15','06:40:00'),(2070,1,'37','2017-09-15 20:03:00',2,'2017-09-15','20:03:00'),(2071,1,'37','2017-09-16 00:00:00',1,'2017-09-16','00:00:00'),(2072,1,'37','2017-09-16 00:00:00',2,'2017-09-16','00:00:00'),(2073,1,'37','2017-09-17 00:00:00',1,'2017-09-17','00:00:00'),(2074,1,'37','2017-09-17 00:00:00',2,'2017-09-17','00:00:00'),(2075,1,'37','2017-09-18 06:33:00',1,'2017-09-18','06:33:00'),(2076,1,'37','2017-09-18 19:19:00',2,'2017-09-18','19:19:00'),(2077,1,'37','2017-09-19 06:33:00',1,'2017-09-19','06:33:00'),(2078,1,'37','2017-09-19 19:47:00',2,'2017-09-19','19:47:00'),(2079,1,'37','2017-09-20 06:36:00',1,'2017-09-20','06:36:00'),(2080,1,'37','2017-09-20 16:08:00',2,'2017-09-20','16:08:00'),(2081,1,'37','2017-09-21 00:00:00',1,'2017-09-21','00:00:00'),(2082,1,'37','2017-09-21 00:00:00',2,'2017-09-21','00:00:00'),(2083,1,'37','2017-09-22 06:34:00',1,'2017-09-22','06:34:00'),(2084,1,'37','2017-09-22 19:07:00',2,'2017-09-22','19:07:00'),(2085,1,'37','2017-09-23 00:00:00',1,'2017-09-23','00:00:00'),(2086,1,'37','2017-09-23 00:00:00',2,'2017-09-23','00:00:00'),(2087,1,'37','2017-09-24 00:00:00',1,'2017-09-24','00:00:00'),(2088,1,'37','2017-09-24 00:00:00',2,'2017-09-24','00:00:00'),(2089,1,'37','2017-09-25 06:32:00',1,'2017-09-25','06:32:00'),(2090,1,'37','2017-09-25 19:08:00',2,'2017-09-25','19:08:00'),(2091,1,'37','2017-09-26 06:34:00',1,'2017-09-26','06:34:00'),(2092,1,'37','2017-09-26 19:33:00',2,'2017-09-26','19:33:00'),(2093,1,'37','2017-09-27 06:39:00',1,'2017-09-27','06:39:00'),(2094,1,'37','2017-09-27 19:27:00',2,'2017-09-27','19:27:00'),(2095,1,'37','2017-09-28 06:35:00',1,'2017-09-28','06:35:00'),(2096,1,'37','2017-09-28 19:22:00',2,'2017-09-28','19:22:00'),(2097,1,'37','2017-09-29 06:33:00',1,'2017-09-29','06:33:00'),(2098,1,'37','2017-09-29 19:13:00',2,'2017-09-29','19:13:00'),(2099,1,'37','2017-09-30 00:00:00',1,'2017-09-30','00:00:00'),(2100,1,'37','2017-09-30 00:00:00',2,'2017-09-30','00:00:00'),(2101,1,'90','2017-09-01 04:09:00',1,'2017-09-01','04:09:00'),(2102,1,'90','2017-09-01 00:00:00',2,'2017-09-01','00:00:00'),(2103,1,'90','2017-09-02 00:00:00',1,'2017-09-02','00:00:00'),(2104,1,'90','2017-09-02 00:00:00',2,'2017-09-02','00:00:00'),(2105,1,'90','2017-09-03 00:00:00',1,'2017-09-03','00:00:00'),(2106,1,'90','2017-09-03 00:00:00',2,'2017-09-03','00:00:00'),(2107,1,'90','2017-09-04 06:48:00',1,'2017-09-04','06:48:00'),(2108,1,'90','2017-09-04 21:02:00',2,'2017-09-04','21:02:00'),(2109,1,'90','2017-09-05 06:46:00',1,'2017-09-05','06:46:00'),(2110,1,'90','2017-09-05 17:16:00',2,'2017-09-05','17:16:00'),(2111,1,'90','2017-09-06 06:43:00',1,'2017-09-06','06:43:00'),(2112,1,'90','2017-09-06 19:15:00',2,'2017-09-06','19:15:00'),(2113,1,'90','2017-09-07 06:42:00',1,'2017-09-07','06:42:00'),(2114,1,'90','2017-09-07 16:07:00',2,'2017-09-07','16:07:00'),(2115,1,'90','2017-09-08 06:44:00',1,'2017-09-08','06:44:00'),(2116,1,'90','2017-09-08 19:11:00',2,'2017-09-08','19:11:00'),(2117,1,'90','2017-09-09 06:46:00',1,'2017-09-09','06:46:00'),(2118,1,'90','2017-09-09 15:12:00',2,'2017-09-09','15:12:00'),(2119,1,'90','2017-09-10 00:00:00',1,'2017-09-10','00:00:00'),(2120,1,'90','2017-09-10 00:00:00',2,'2017-09-10','00:00:00'),(2121,1,'90','2017-09-11 00:00:00',1,'2017-09-11','00:00:00'),(2122,1,'90','2017-09-11 18:44:00',2,'2017-09-11','18:44:00'),(2123,1,'90','2017-09-12 07:34:00',1,'2017-09-12','07:34:00'),(2124,1,'90','2017-09-12 18:48:00',2,'2017-09-12','18:48:00'),(2125,1,'90','2017-09-13 07:41:00',1,'2017-09-13','07:41:00'),(2126,1,'90','2017-09-13 18:54:00',2,'2017-09-13','18:54:00'),(2127,1,'90','2017-09-14 07:44:00',1,'2017-09-14','07:44:00'),(2128,1,'90','2017-09-14 18:56:00',2,'2017-09-14','18:56:00'),(2129,1,'90','2017-09-15 07:47:00',1,'2017-09-15','07:47:00'),(2130,1,'90','2017-09-15 18:53:00',2,'2017-09-15','18:53:00'),(2131,1,'90','2017-09-16 07:09:00',1,'2017-09-16','07:09:00'),(2132,1,'90','2017-09-16 00:00:00',2,'2017-09-16','00:00:00'),(2133,1,'90','2017-09-17 00:00:00',1,'2017-09-17','00:00:00'),(2134,1,'90','2017-09-17 00:00:00',2,'2017-09-17','00:00:00'),(2135,1,'90','2017-09-18 06:44:00',1,'2017-09-18','06:44:00'),(2136,1,'90','2017-09-18 19:24:00',2,'2017-09-18','19:24:00'),(2137,1,'90','2017-09-19 06:48:00',1,'2017-09-19','06:48:00'),(2138,1,'90','2017-09-19 16:46:00',2,'2017-09-19','16:46:00'),(2139,1,'90','2017-09-20 11:49:00',1,'2017-09-20','11:49:00'),(2140,1,'90','2017-09-20 19:13:00',2,'2017-09-20','19:13:00'),(2141,1,'90','2017-09-21 00:00:00',1,'2017-09-21','00:00:00'),(2142,1,'90','2017-09-21 00:00:00',2,'2017-09-21','00:00:00'),(2143,1,'90','2017-09-22 06:47:00',1,'2017-09-22','06:47:00'),(2144,1,'90','2017-09-22 19:16:00',2,'2017-09-22','19:16:00'),(2145,1,'90','2017-09-23 00:00:00',1,'2017-09-23','00:00:00'),(2146,1,'90','2017-09-23 00:00:00',2,'2017-09-23','00:00:00'),(2147,1,'90','2017-09-24 00:00:00',1,'2017-09-24','00:00:00'),(2148,1,'90','2017-09-24 00:00:00',2,'2017-09-24','00:00:00'),(2149,1,'90','2017-09-25 00:00:00',1,'2017-09-25','00:00:00'),(2150,1,'90','2017-09-25 18:54:00',2,'2017-09-25','18:54:00'),(2151,1,'90','2017-09-26 07:18:00',1,'2017-09-26','07:18:00'),(2152,1,'90','2017-09-26 18:55:00',2,'2017-09-26','18:55:00'),(2153,1,'90','2017-09-27 07:27:00',1,'2017-09-27','07:27:00'),(2154,1,'90','2017-09-27 18:29:00',2,'2017-09-27','18:29:00'),(2155,1,'90','2017-09-28 07:53:00',1,'2017-09-28','07:53:00'),(2156,1,'90','2017-09-28 21:47:00',2,'2017-09-28','21:47:00'),(2157,1,'90','2017-09-29 07:35:00',1,'2017-09-29','07:35:00'),(2158,1,'90','2017-09-29 18:53:00',2,'2017-09-29','18:53:00'),(2159,1,'90','2017-09-30 07:09:00',1,'2017-09-30','07:09:00'),(2160,1,'90','2017-09-30 00:00:00',2,'2017-09-30','00:00:00'),(2161,1,'111','2017-09-01 00:00:00',1,'2017-09-01','00:00:00'),(2162,1,'111','2017-09-01 00:00:00',2,'2017-09-01','00:00:00'),(2163,1,'111','2017-09-02 00:00:00',1,'2017-09-02','00:00:00'),(2164,1,'111','2017-09-02 00:00:00',2,'2017-09-02','00:00:00'),(2165,1,'111','2017-09-03 00:00:00',1,'2017-09-03','00:00:00'),(2166,1,'111','2017-09-03 00:00:00',2,'2017-09-03','00:00:00'),(2167,1,'111','2017-09-04 06:26:00',1,'2017-09-04','06:26:00'),(2168,1,'111','2017-09-04 21:01:00',2,'2017-09-04','21:01:00'),(2169,1,'111','2017-09-05 06:29:00',1,'2017-09-05','06:29:00'),(2170,1,'111','2017-09-05 17:17:00',2,'2017-09-05','17:17:00'),(2171,1,'111','2017-09-06 06:31:00',1,'2017-09-06','06:31:00'),(2172,1,'111','2017-09-06 18:04:00',2,'2017-09-06','18:04:00'),(2173,1,'111','2017-09-07 06:35:00',1,'2017-09-07','06:35:00'),(2174,1,'111','2017-09-07 16:07:00',2,'2017-09-07','16:07:00'),(2175,1,'111','2017-09-08 06:39:00',1,'2017-09-08','06:39:00'),(2176,1,'111','2017-09-08 16:14:00',2,'2017-09-08','16:14:00'),(2177,1,'111','2017-09-09 00:00:00',1,'2017-09-09','00:00:00'),(2178,1,'111','2017-09-09 00:00:00',2,'2017-09-09','00:00:00'),(2179,1,'111','2017-09-10 00:00:00',1,'2017-09-10','00:00:00'),(2180,1,'111','2017-09-10 00:00:00',2,'2017-09-10','00:00:00'),(2181,1,'111','2017-09-11 06:37:00',1,'2017-09-11','06:37:00'),(2182,1,'111','2017-09-11 16:30:00',2,'2017-09-11','16:30:00'),(2183,1,'111','2017-09-12 06:32:00',1,'2017-09-12','06:32:00'),(2184,1,'111','2017-09-12 16:08:00',2,'2017-09-12','16:08:00'),(2185,1,'111','2017-09-13 06:36:00',1,'2017-09-13','06:36:00'),(2186,1,'111','2017-09-13 16:24:00',2,'2017-09-13','16:24:00'),(2187,1,'111','2017-09-14 06:40:00',1,'2017-09-14','06:40:00'),(2188,1,'111','2017-09-14 17:14:00',2,'2017-09-14','17:14:00'),(2189,1,'111','2017-09-15 06:39:00',1,'2017-09-15','06:39:00'),(2190,1,'111','2017-09-15 16:22:00',2,'2017-09-15','16:22:00'),(2191,1,'111','2017-09-16 00:00:00',1,'2017-09-16','00:00:00'),(2192,1,'111','2017-09-16 00:00:00',2,'2017-09-16','00:00:00'),(2193,1,'111','2017-09-17 00:00:00',1,'2017-09-17','00:00:00'),(2194,1,'111','2017-09-17 00:00:00',2,'2017-09-17','00:00:00'),(2195,1,'111','2017-09-18 06:55:00',1,'2017-09-18','06:55:00'),(2196,1,'111','2017-09-18 16:38:00',2,'2017-09-18','16:38:00'),(2197,1,'111','2017-09-19 06:37:00',1,'2017-09-19','06:37:00'),(2198,1,'111','2017-09-19 16:11:00',2,'2017-09-19','16:11:00'),(2199,1,'111','2017-09-20 06:37:00',1,'2017-09-20','06:37:00'),(2200,1,'111','2017-09-20 19:58:00',2,'2017-09-20','19:58:00'),(2201,1,'111','2017-09-21 00:00:00',1,'2017-09-21','00:00:00'),(2202,1,'111','2017-09-21 00:00:00',2,'2017-09-21','00:00:00'),(2203,1,'111','2017-09-22 06:33:00',1,'2017-09-22','06:33:00'),(2204,1,'111','2017-09-22 17:16:00',2,'2017-09-22','17:16:00'),(2205,1,'111','2017-09-23 00:00:00',1,'2017-09-23','00:00:00'),(2206,1,'111','2017-09-23 00:00:00',2,'2017-09-23','00:00:00'),(2207,1,'111','2017-09-24 00:00:00',1,'2017-09-24','00:00:00'),(2208,1,'111','2017-09-24 00:00:00',2,'2017-09-24','00:00:00'),(2209,1,'111','2017-09-25 06:50:00',1,'2017-09-25','06:50:00'),(2210,1,'111','2017-09-25 16:17:00',2,'2017-09-25','16:17:00'),(2211,1,'111','2017-09-26 06:31:00',1,'2017-09-26','06:31:00'),(2212,1,'111','2017-09-26 16:46:00',2,'2017-09-26','16:46:00'),(2213,1,'111','2017-09-27 06:41:00',1,'2017-09-27','06:41:00'),(2214,1,'111','2017-09-27 18:02:00',2,'2017-09-27','18:02:00'),(2215,1,'111','2017-09-28 06:37:00',1,'2017-09-28','06:37:00'),(2216,1,'111','2017-09-28 16:03:00',2,'2017-09-28','16:03:00'),(2217,1,'111','2017-09-29 06:37:00',1,'2017-09-29','06:37:00'),(2218,1,'111','2017-09-29 19:17:00',2,'2017-09-29','19:17:00'),(2219,1,'111','2017-09-30 00:00:00',1,'2017-09-30','00:00:00'),(2220,1,'111','2017-09-30 00:00:00',2,'2017-09-30','00:00:00'),(2221,1,'31','2017-09-01 00:00:00',1,'2017-09-01','00:00:00'),(2222,1,'31','2017-09-01 00:00:00',2,'2017-09-01','00:00:00'),(2223,1,'31','2017-09-02 00:00:00',1,'2017-09-02','00:00:00'),(2224,1,'31','2017-09-02 00:00:00',2,'2017-09-02','00:00:00'),(2225,1,'31','2017-09-03 00:00:00',1,'2017-09-03','00:00:00'),(2226,1,'31','2017-09-03 00:00:00',2,'2017-09-03','00:00:00'),(2227,1,'31','2017-09-04 00:00:00',1,'2017-09-04','00:00:00'),(2228,1,'31','2017-09-04 18:37:00',2,'2017-09-04','18:37:00'),(2229,1,'31','2017-09-05 08:37:00',1,'2017-09-05','08:37:00'),(2230,1,'31','2017-09-05 18:45:00',2,'2017-09-05','18:45:00'),(2231,1,'31','2017-09-06 08:17:00',1,'2017-09-06','08:17:00'),(2232,1,'31','2017-09-06 18:46:00',2,'2017-09-06','18:46:00'),(2233,1,'31','2017-09-07 08:08:00',1,'2017-09-07','08:08:00'),(2234,1,'31','2017-09-07 18:39:00',2,'2017-09-07','18:39:00'),(2235,1,'31','2017-09-08 07:56:00',1,'2017-09-08','07:56:00'),(2236,1,'31','2017-09-08 18:51:00',2,'2017-09-08','18:51:00'),(2237,1,'31','2017-09-09 07:19:00',1,'2017-09-09','07:19:00'),(2238,1,'31','2017-09-09 22:26:00',2,'2017-09-09','22:26:00'),(2239,1,'31','2017-09-10 00:00:00',1,'2017-09-10','00:00:00'),(2240,1,'31','2017-09-10 00:00:00',2,'2017-09-10','00:00:00'),(2241,1,'31','2017-09-11 06:33:00',1,'2017-09-11','06:33:00'),(2242,1,'31','2017-09-11 16:09:00',2,'2017-09-11','16:09:00'),(2243,1,'31','2017-09-12 06:37:00',1,'2017-09-12','06:37:00'),(2244,1,'31','2017-09-12 19:13:00',2,'2017-09-12','19:13:00'),(2245,1,'31','2017-09-13 06:43:00',1,'2017-09-13','06:43:00'),(2246,1,'31','2017-09-13 16:15:00',2,'2017-09-13','16:15:00'),(2247,1,'31','2017-09-14 06:37:00',1,'2017-09-14','06:37:00'),(2248,1,'31','2017-09-14 20:14:00',2,'2017-09-14','20:14:00'),(2249,1,'31','2017-09-15 06:35:00',1,'2017-09-15','06:35:00'),(2250,1,'31','2017-09-15 17:04:00',2,'2017-09-15','17:04:00'),(2251,1,'31','2017-09-16 00:00:00',1,'2017-09-16','00:00:00'),(2252,1,'31','2017-09-16 00:00:00',2,'2017-09-16','00:00:00'),(2253,1,'31','2017-09-17 00:00:00',1,'2017-09-17','00:00:00'),(2254,1,'31','2017-09-17 00:00:00',2,'2017-09-17','00:00:00'),(2255,1,'31','2017-09-18 00:00:00',1,'2017-09-18','00:00:00'),(2256,1,'31','2017-09-18 18:16:00',2,'2017-09-18','18:16:00'),(2257,1,'31','2017-09-19 08:21:00',1,'2017-09-19','08:21:00'),(2258,1,'31','2017-09-19 18:42:00',2,'2017-09-19','18:42:00'),(2259,1,'31','2017-09-20 07:41:00',1,'2017-09-20','07:41:00'),(2260,1,'31','2017-09-20 18:44:00',2,'2017-09-20','18:44:00'),(2261,1,'31','2017-09-21 07:24:00',1,'2017-09-21','07:24:00'),(2262,1,'31','2017-09-21 00:00:00',2,'2017-09-21','00:00:00'),(2263,1,'31','2017-09-22 00:00:00',1,'2017-09-22','00:00:00'),(2264,1,'31','2017-09-22 18:45:00',2,'2017-09-22','18:45:00'),(2265,1,'31','2017-09-23 07:16:00',1,'2017-09-23','07:16:00'),(2266,1,'31','2017-09-23 00:00:00',2,'2017-09-23','00:00:00'),(2267,1,'31','2017-09-24 00:00:00',1,'2017-09-24','00:00:00'),(2268,1,'31','2017-09-24 00:00:00',2,'2017-09-24','00:00:00'),(2269,1,'31','2017-09-25 06:36:00',1,'2017-09-25','06:36:00'),(2270,1,'31','2017-09-25 19:19:00',2,'2017-09-25','19:19:00'),(2271,1,'31','2017-09-26 06:46:00',1,'2017-09-26','06:46:00'),(2272,1,'31','2017-09-26 19:28:00',2,'2017-09-26','19:28:00'),(2273,1,'31','2017-09-27 06:38:00',1,'2017-09-27','06:38:00'),(2274,1,'31','2017-09-27 19:37:00',2,'2017-09-27','19:37:00'),(2275,1,'31','2017-09-28 06:42:00',1,'2017-09-28','06:42:00'),(2276,1,'31','2017-09-28 16:29:00',2,'2017-09-28','16:29:00'),(2277,1,'31','2017-09-29 06:29:00',1,'2017-09-29','06:29:00'),(2278,1,'31','2017-09-29 19:46:00',2,'2017-09-29','19:46:00'),(2279,1,'31','2017-09-30 00:00:00',1,'2017-09-30','00:00:00'),(2280,1,'31','2017-09-30 00:00:00',2,'2017-09-30','00:00:00'),(2281,1,'85','2017-09-01 00:00:00',1,'2017-09-01','00:00:00'),(2282,1,'85','2017-09-01 00:00:00',2,'2017-09-01','00:00:00'),(2283,1,'85','2017-09-02 00:00:00',1,'2017-09-02','00:00:00'),(2284,1,'85','2017-09-02 00:00:00',2,'2017-09-02','00:00:00'),(2285,1,'85','2017-09-03 00:00:00',1,'2017-09-03','00:00:00'),(2286,1,'85','2017-09-03 00:00:00',2,'2017-09-03','00:00:00'),(2287,1,'85','2017-09-04 00:00:00',1,'2017-09-04','00:00:00'),(2288,1,'85','2017-09-04 18:14:00',2,'2017-09-04','18:14:00'),(2289,1,'85','2017-09-05 08:24:00',1,'2017-09-05','08:24:00'),(2290,1,'85','2017-09-05 18:42:00',2,'2017-09-05','18:42:00'),(2291,1,'85','2017-09-06 08:17:00',1,'2017-09-06','08:17:00'),(2292,1,'85','2017-09-06 18:46:00',2,'2017-09-06','18:46:00'),(2293,1,'85','2017-09-07 07:54:00',1,'2017-09-07','07:54:00'),(2294,1,'85','2017-09-07 18:34:00',2,'2017-09-07','18:34:00'),(2295,1,'85','2017-09-08 07:34:00',1,'2017-09-08','07:34:00'),(2296,1,'85','2017-09-08 18:37:00',2,'2017-09-08','18:37:00'),(2297,1,'85','2017-09-09 07:20:00',1,'2017-09-09','07:20:00'),(2298,1,'85','2017-09-09 21:48:00',2,'2017-09-09','21:48:00'),(2299,1,'85','2017-09-10 05:40:00',1,'2017-09-10','05:40:00'),(2300,1,'85','2017-09-10 00:00:00',2,'2017-09-10','00:00:00'),(2301,1,'85','2017-09-11 06:15:00',1,'2017-09-11','06:15:00'),(2302,1,'85','2017-09-11 19:26:00',2,'2017-09-11','19:26:00'),(2303,1,'85','2017-09-12 06:21:00',1,'2017-09-12','06:21:00'),(2304,1,'85','2017-09-12 16:07:00',2,'2017-09-12','16:07:00'),(2305,1,'85','2017-09-13 06:38:00',1,'2017-09-13','06:38:00'),(2306,1,'85','2017-09-13 19:43:00',2,'2017-09-13','19:43:00'),(2307,1,'85','2017-09-14 06:36:00',1,'2017-09-14','06:36:00'),(2308,1,'85','2017-09-14 16:09:00',2,'2017-09-14','16:09:00'),(2309,1,'85','2017-09-15 06:31:00',1,'2017-09-15','06:31:00'),(2310,1,'85','2017-09-15 19:36:00',2,'2017-09-15','19:36:00'),(2311,1,'85','2017-09-16 00:00:00',1,'2017-09-16','00:00:00'),(2312,1,'85','2017-09-16 00:00:00',2,'2017-09-16','00:00:00'),(2313,1,'85','2017-09-17 00:00:00',1,'2017-09-17','00:00:00'),(2314,1,'85','2017-09-17 00:00:00',2,'2017-09-17','00:00:00'),(2315,1,'85','2017-09-18 00:00:00',1,'2017-09-18','00:00:00'),(2316,1,'85','2017-09-18 18:22:00',2,'2017-09-18','18:22:00'),(2317,1,'85','2017-09-19 08:21:00',1,'2017-09-19','08:21:00'),(2318,1,'85','2017-09-19 18:42:00',2,'2017-09-19','18:42:00'),(2319,1,'85','2017-09-20 07:43:00',1,'2017-09-20','07:43:00'),(2320,1,'85','2017-09-20 18:44:00',2,'2017-09-20','18:44:00'),(2321,1,'85','2017-09-21 07:25:00',1,'2017-09-21','07:25:00'),(2322,1,'85','2017-09-21 00:00:00',2,'2017-09-21','00:00:00'),(2323,1,'85','2017-09-22 00:00:00',1,'2017-09-22','00:00:00'),(2324,1,'85','2017-09-22 18:44:00',2,'2017-09-22','18:44:00'),(2325,1,'85','2017-09-23 07:08:00',1,'2017-09-23','07:08:00'),(2326,1,'85','2017-09-23 00:00:00',2,'2017-09-23','00:00:00'),(2327,1,'85','2017-09-24 00:00:00',1,'2017-09-24','00:00:00'),(2328,1,'85','2017-09-24 00:00:00',2,'2017-09-24','00:00:00'),(2329,1,'85','2017-09-25 06:34:00',1,'2017-09-25','06:34:00'),(2330,1,'85','2017-09-25 16:17:00',2,'2017-09-25','16:17:00'),(2331,1,'85','2017-09-26 06:20:00',1,'2017-09-26','06:20:00'),(2332,1,'85','2017-09-26 19:13:00',2,'2017-09-26','19:13:00'),(2333,1,'85','2017-09-27 00:00:00',1,'2017-09-27','00:00:00'),(2334,1,'85','2017-09-27 00:00:00',2,'2017-09-27','00:00:00'),(2335,1,'85','2017-09-28 00:00:00',1,'2017-09-28','00:00:00'),(2336,1,'85','2017-09-28 00:00:00',2,'2017-09-28','00:00:00'),(2337,1,'85','2017-09-29 00:00:00',1,'2017-09-29','00:00:00'),(2338,1,'85','2017-09-29 00:00:00',2,'2017-09-29','00:00:00'),(2339,1,'85','2017-09-30 00:00:00',1,'2017-09-30','00:00:00'),(2340,1,'85','2017-09-30 00:00:00',2,'2017-09-30','00:00:00'),(2341,1,'91','2017-09-01 05:00:00',1,'2017-09-01','05:00:00'),(2342,1,'91','2017-09-01 00:00:00',2,'2017-09-01','00:00:00'),(2343,1,'91','2017-09-02 00:00:00',1,'2017-09-02','00:00:00'),(2344,1,'91','2017-09-02 00:00:00',2,'2017-09-02','00:00:00'),(2345,1,'91','2017-09-03 00:00:00',1,'2017-09-03','00:00:00'),(2346,1,'91','2017-09-03 00:00:00',2,'2017-09-03','00:00:00'),(2347,1,'91','2017-09-04 06:29:00',1,'2017-09-04','06:29:00'),(2348,1,'91','2017-09-04 19:19:00',2,'2017-09-04','19:19:00'),(2349,1,'91','2017-09-05 06:24:00',1,'2017-09-05','06:24:00'),(2350,1,'91','2017-09-05 19:49:00',2,'2017-09-05','19:49:00'),(2351,1,'91','2017-09-06 06:28:00',1,'2017-09-06','06:28:00'),(2352,1,'91','2017-09-06 16:22:00',2,'2017-09-06','16:22:00'),(2353,1,'91','2017-09-07 06:07:00',1,'2017-09-07','06:07:00'),(2354,1,'91','2017-09-07 19:18:00',2,'2017-09-07','19:18:00'),(2355,1,'91','2017-09-08 06:14:00',1,'2017-09-08','06:14:00'),(2356,1,'91','2017-09-08 16:24:00',2,'2017-09-08','16:24:00'),(2357,1,'91','2017-09-09 00:00:00',1,'2017-09-09','00:00:00'),(2358,1,'91','2017-09-09 00:00:00',2,'2017-09-09','00:00:00'),(2359,1,'91','2017-09-10 00:00:00',1,'2017-09-10','00:00:00'),(2360,1,'91','2017-09-10 00:00:00',2,'2017-09-10','00:00:00'),(2361,1,'91','2017-09-11 00:00:00',1,'2017-09-11','00:00:00'),(2362,1,'91','2017-09-11 18:58:00',2,'2017-09-11','18:58:00'),(2363,1,'91','2017-09-12 07:34:00',1,'2017-09-12','07:34:00'),(2364,1,'91','2017-09-12 19:00:00',2,'2017-09-12','19:00:00'),(2365,1,'91','2017-09-13 07:27:00',1,'2017-09-13','07:27:00'),(2366,1,'91','2017-09-13 18:53:00',2,'2017-09-13','18:53:00'),(2367,1,'91','2017-09-14 07:43:00',1,'2017-09-14','07:43:00'),(2368,1,'91','2017-09-14 18:55:00',2,'2017-09-14','18:55:00'),(2369,1,'91','2017-09-15 07:38:00',1,'2017-09-15','07:38:00'),(2370,1,'91','2017-09-15 18:55:00',2,'2017-09-15','18:55:00'),(2371,1,'91','2017-09-16 07:07:00',1,'2017-09-16','07:07:00'),(2372,1,'91','2017-09-16 00:00:00',2,'2017-09-16','00:00:00'),(2373,1,'91','2017-09-17 00:00:00',1,'2017-09-17','00:00:00'),(2374,1,'91','2017-09-17 00:00:00',2,'2017-09-17','00:00:00'),(2375,1,'91','2017-09-18 00:00:00',1,'2017-09-18','00:00:00'),(2376,1,'91','2017-09-18 00:00:00',2,'2017-09-18','00:00:00'),(2377,1,'91','2017-09-19 00:00:00',1,'2017-09-19','00:00:00'),(2378,1,'91','2017-09-19 00:00:00',2,'2017-09-19','00:00:00'),(2379,1,'91','2017-09-20 00:00:00',1,'2017-09-20','00:00:00'),(2380,1,'91','2017-09-20 00:00:00',2,'2017-09-20','00:00:00'),(2381,1,'91','2017-09-21 00:00:00',1,'2017-09-21','00:00:00'),(2382,1,'91','2017-09-21 00:00:00',2,'2017-09-21','00:00:00'),(2383,1,'91','2017-09-22 00:00:00',1,'2017-09-22','00:00:00'),(2384,1,'91','2017-09-22 00:00:00',2,'2017-09-22','00:00:00'),(2385,1,'91','2017-09-23 00:00:00',1,'2017-09-23','00:00:00'),(2386,1,'91','2017-09-23 00:00:00',2,'2017-09-23','00:00:00'),(2387,1,'91','2017-09-24 00:00:00',1,'2017-09-24','00:00:00'),(2388,1,'91','2017-09-24 00:00:00',2,'2017-09-24','00:00:00'),(2389,1,'91','2017-09-25 00:00:00',1,'2017-09-25','00:00:00'),(2390,1,'91','2017-09-25 00:00:00',2,'2017-09-25','00:00:00'),(2391,1,'91','2017-09-26 00:00:00',1,'2017-09-26','00:00:00'),(2392,1,'91','2017-09-26 00:00:00',2,'2017-09-26','00:00:00'),(2393,1,'91','2017-09-27 00:00:00',1,'2017-09-27','00:00:00'),(2394,1,'91','2017-09-27 00:00:00',2,'2017-09-27','00:00:00'),(2395,1,'91','2017-09-28 06:20:00',1,'2017-09-28','06:20:00'),(2396,1,'91','2017-09-28 19:21:00',2,'2017-09-28','19:21:00'),(2397,1,'91','2017-09-29 06:15:00',1,'2017-09-29','06:15:00'),(2398,1,'91','2017-09-29 16:26:00',2,'2017-09-29','16:26:00'),(2399,1,'91','2017-09-30 00:00:00',1,'2017-09-30','00:00:00'),(2400,1,'91','2017-09-30 00:00:00',2,'2017-09-30','00:00:00'),(2401,1,'120','2017-09-01 00:00:00',1,'2017-09-01','00:00:00'),(2402,1,'120','2017-09-01 00:00:00',2,'2017-09-01','00:00:00'),(2403,1,'120','2017-09-02 00:00:00',1,'2017-09-02','00:00:00'),(2404,1,'120','2017-09-02 00:00:00',2,'2017-09-02','00:00:00'),(2405,1,'120','2017-09-03 00:00:00',1,'2017-09-03','00:00:00'),(2406,1,'120','2017-09-03 00:00:00',2,'2017-09-03','00:00:00'),(2407,1,'120','2017-09-04 00:00:00',1,'2017-09-04','00:00:00'),(2408,1,'120','2017-09-04 00:00:00',2,'2017-09-04','00:00:00'),(2409,1,'120','2017-09-05 00:00:00',1,'2017-09-05','00:00:00'),(2410,1,'120','2017-09-05 00:00:00',2,'2017-09-05','00:00:00'),(2411,1,'120','2017-09-06 00:00:00',1,'2017-09-06','00:00:00'),(2412,1,'120','2017-09-06 00:00:00',2,'2017-09-06','00:00:00'),(2413,1,'120','2017-09-07 00:00:00',1,'2017-09-07','00:00:00'),(2414,1,'120','2017-09-07 00:00:00',2,'2017-09-07','00:00:00'),(2415,1,'120','2017-09-08 10:39:00',1,'2017-09-08','10:39:00'),(2416,1,'120','2017-09-08 16:08:00',2,'2017-09-08','16:08:00'),(2417,1,'120','2017-09-09 00:00:00',1,'2017-09-09','00:00:00'),(2418,1,'120','2017-09-09 00:00:00',2,'2017-09-09','00:00:00'),(2419,1,'120','2017-09-10 00:00:00',1,'2017-09-10','00:00:00'),(2420,1,'120','2017-09-10 00:00:00',2,'2017-09-10','00:00:00'),(2421,1,'120','2017-09-11 06:23:00',1,'2017-09-11','06:23:00'),(2422,1,'120','2017-09-11 16:05:00',2,'2017-09-11','16:05:00'),(2423,1,'120','2017-09-12 06:28:00',1,'2017-09-12','06:28:00'),(2424,1,'120','2017-09-12 16:06:00',2,'2017-09-12','16:06:00'),(2425,1,'120','2017-09-13 06:30:00',1,'2017-09-13','06:30:00'),(2426,1,'120','2017-09-13 16:05:00',2,'2017-09-13','16:05:00'),(2427,1,'120','2017-09-14 06:29:00',1,'2017-09-14','06:29:00'),(2428,1,'120','2017-09-14 16:09:00',2,'2017-09-14','16:09:00'),(2429,1,'120','2017-09-15 06:30:00',1,'2017-09-15','06:30:00'),(2430,1,'120','2017-09-15 16:08:00',2,'2017-09-15','16:08:00'),(2431,1,'120','2017-09-16 00:00:00',1,'2017-09-16','00:00:00'),(2432,1,'120','2017-09-16 00:00:00',2,'2017-09-16','00:00:00'),(2433,1,'120','2017-09-17 00:00:00',1,'2017-09-17','00:00:00'),(2434,1,'120','2017-09-17 00:00:00',2,'2017-09-17','00:00:00'),(2435,1,'120','2017-09-18 06:30:00',1,'2017-09-18','06:30:00'),(2436,1,'120','2017-09-18 16:11:00',2,'2017-09-18','16:11:00'),(2437,1,'120','2017-09-19 06:34:00',1,'2017-09-19','06:34:00'),(2438,1,'120','2017-09-19 16:31:00',2,'2017-09-19','16:31:00'),(2439,1,'120','2017-09-20 06:35:00',1,'2017-09-20','06:35:00'),(2440,1,'120','2017-09-20 16:22:00',2,'2017-09-20','16:22:00'),(2441,1,'120','2017-09-21 00:00:00',1,'2017-09-21','00:00:00'),(2442,1,'120','2017-09-21 00:00:00',2,'2017-09-21','00:00:00'),(2443,1,'120','2017-09-22 06:30:00',1,'2017-09-22','06:30:00'),(2444,1,'120','2017-09-22 16:27:00',2,'2017-09-22','16:27:00'),(2445,1,'120','2017-09-23 00:00:00',1,'2017-09-23','00:00:00'),(2446,1,'120','2017-09-23 00:00:00',2,'2017-09-23','00:00:00'),(2447,1,'120','2017-09-24 00:00:00',1,'2017-09-24','00:00:00'),(2448,1,'120','2017-09-24 00:00:00',2,'2017-09-24','00:00:00'),(2449,1,'120','2017-09-25 00:00:00',1,'2017-09-25','00:00:00'),(2450,1,'120','2017-09-25 18:48:00',2,'2017-09-25','18:48:00'),(2451,1,'120','2017-09-26 07:21:00',1,'2017-09-26','07:21:00'),(2452,1,'120','2017-09-26 18:48:00',2,'2017-09-26','18:48:00'),(2453,1,'120','2017-09-27 07:28:00',1,'2017-09-27','07:28:00'),(2454,1,'120','2017-09-27 18:44:00',2,'2017-09-27','18:44:00'),(2455,1,'120','2017-09-28 07:35:00',1,'2017-09-28','07:35:00'),(2456,1,'120','2017-09-28 18:46:00',2,'2017-09-28','18:46:00'),(2457,1,'120','2017-09-29 07:33:00',1,'2017-09-29','07:33:00'),(2458,1,'120','2017-09-29 21:41:00',2,'2017-09-29','21:41:00'),(2459,1,'120','2017-09-30 07:01:00',1,'2017-09-30','07:01:00'),(2460,1,'120','2017-09-30 00:00:00',2,'2017-09-30','00:00:00'),(2461,1,'122','2017-09-01 00:00:00',1,'2017-09-01','00:00:00'),(2462,1,'122','2017-09-01 00:00:00',2,'2017-09-01','00:00:00'),(2463,1,'122','2017-09-02 00:00:00',1,'2017-09-02','00:00:00'),(2464,1,'122','2017-09-02 00:00:00',2,'2017-09-02','00:00:00'),(2465,1,'122','2017-09-03 00:00:00',1,'2017-09-03','00:00:00'),(2466,1,'122','2017-09-03 00:00:00',2,'2017-09-03','00:00:00'),(2467,1,'122','2017-09-04 00:00:00',1,'2017-09-04','00:00:00'),(2468,1,'122','2017-09-04 00:00:00',2,'2017-09-04','00:00:00'),(2469,1,'122','2017-09-05 00:00:00',1,'2017-09-05','00:00:00'),(2470,1,'122','2017-09-05 00:00:00',2,'2017-09-05','00:00:00'),(2471,1,'122','2017-09-06 00:00:00',1,'2017-09-06','00:00:00'),(2472,1,'122','2017-09-06 00:00:00',2,'2017-09-06','00:00:00'),(2473,1,'122','2017-09-07 00:00:00',1,'2017-09-07','00:00:00'),(2474,1,'122','2017-09-07 00:00:00',2,'2017-09-07','00:00:00'),(2475,1,'122','2017-09-08 10:39:00',1,'2017-09-08','10:39:00'),(2476,1,'122','2017-09-08 16:08:00',2,'2017-09-08','16:08:00'),(2477,1,'122','2017-09-09 00:00:00',1,'2017-09-09','00:00:00'),(2478,1,'122','2017-09-09 00:00:00',2,'2017-09-09','00:00:00'),(2479,1,'122','2017-09-10 00:00:00',1,'2017-09-10','00:00:00'),(2480,1,'122','2017-09-10 00:00:00',2,'2017-09-10','00:00:00'),(2481,1,'122','2017-09-11 06:06:00',1,'2017-09-11','06:06:00'),(2482,1,'122','2017-09-11 16:05:00',2,'2017-09-11','16:05:00'),(2483,1,'122','2017-09-12 06:08:00',1,'2017-09-12','06:08:00'),(2484,1,'122','2017-09-12 16:11:00',2,'2017-09-12','16:11:00'),(2485,1,'122','2017-09-13 06:10:00',1,'2017-09-13','06:10:00'),(2486,1,'122','2017-09-13 16:15:00',2,'2017-09-13','16:15:00'),(2487,1,'122','2017-09-14 06:03:00',1,'2017-09-14','06:03:00'),(2488,1,'122','2017-09-14 16:15:00',2,'2017-09-14','16:15:00'),(2489,1,'122','2017-09-15 06:09:00',1,'2017-09-15','06:09:00'),(2490,1,'122','2017-09-15 16:43:00',2,'2017-09-15','16:43:00'),(2491,1,'122','2017-09-16 00:00:00',1,'2017-09-16','00:00:00'),(2492,1,'122','2017-09-16 00:00:00',2,'2017-09-16','00:00:00'),(2493,1,'122','2017-09-17 00:00:00',1,'2017-09-17','00:00:00'),(2494,1,'122','2017-09-17 00:00:00',2,'2017-09-17','00:00:00'),(2495,1,'122','2017-09-18 06:08:00',1,'2017-09-18','06:08:00'),(2496,1,'122','2017-09-18 16:15:00',2,'2017-09-18','16:15:00'),(2497,1,'122','2017-09-19 06:06:00',1,'2017-09-19','06:06:00'),(2498,1,'122','2017-09-19 16:31:00',2,'2017-09-19','16:31:00'),(2499,1,'122','2017-09-20 06:10:00',1,'2017-09-20','06:10:00'),(2500,1,'122','2017-09-20 16:25:00',2,'2017-09-20','16:25:00'),(2501,1,'122','2017-09-21 00:00:00',1,'2017-09-21','00:00:00'),(2502,1,'122','2017-09-21 00:00:00',2,'2017-09-21','00:00:00'),(2503,1,'122','2017-09-22 06:09:00',1,'2017-09-22','06:09:00'),(2504,1,'122','2017-09-22 16:33:00',2,'2017-09-22','16:33:00'),(2505,1,'122','2017-09-23 00:00:00',1,'2017-09-23','00:00:00'),(2506,1,'122','2017-09-23 00:00:00',2,'2017-09-23','00:00:00'),(2507,1,'122','2017-09-24 00:00:00',1,'2017-09-24','00:00:00'),(2508,1,'122','2017-09-24 00:00:00',2,'2017-09-24','00:00:00'),(2509,1,'122','2017-09-25 06:09:00',1,'2017-09-25','06:09:00'),(2510,1,'122','2017-09-25 16:17:00',2,'2017-09-25','16:17:00'),(2511,1,'122','2017-09-26 06:17:00',1,'2017-09-26','06:17:00'),(2512,1,'122','2017-09-26 16:28:00',2,'2017-09-26','16:28:00'),(2513,1,'122','2017-09-27 06:17:00',1,'2017-09-27','06:17:00'),(2514,1,'122','2017-09-27 16:29:00',2,'2017-09-27','16:29:00'),(2515,1,'122','2017-09-28 06:13:00',1,'2017-09-28','06:13:00'),(2516,1,'122','2017-09-28 16:33:00',2,'2017-09-28','16:33:00'),(2517,1,'122','2017-09-29 06:14:00',1,'2017-09-29','06:14:00'),(2518,1,'122','2017-09-29 16:26:00',2,'2017-09-29','16:26:00'),(2519,1,'122','2017-09-30 00:00:00',1,'2017-09-30','00:00:00'),(2520,1,'122','2017-09-30 00:00:00',2,'2017-09-30','00:00:00'),(2521,1,'60','2017-09-01 00:00:00',1,'2017-09-01','00:00:00'),(2522,1,'60','2017-09-01 00:37:00',2,'2017-09-01','00:37:00'),(2523,1,'60','2017-09-02 06:00:00',1,'2017-09-02','06:00:00'),(2524,1,'60','2017-09-02 00:00:00',2,'2017-09-02','00:00:00'),(2525,1,'60','2017-09-03 00:00:00',1,'2017-09-03','00:00:00'),(2526,1,'60','2017-09-03 00:00:00',2,'2017-09-03','00:00:00'),(2527,1,'60','2017-09-04 05:20:00',1,'2017-09-04','05:20:00'),(2528,1,'60','2017-09-04 18:16:00',2,'2017-09-04','18:16:00'),(2529,1,'60','2017-09-05 05:42:00',1,'2017-09-05','05:42:00'),(2530,1,'60','2017-09-05 16:04:00',2,'2017-09-05','16:04:00'),(2531,1,'60','2017-09-06 07:00:00',1,'2017-09-06','07:00:00'),(2532,1,'60','2017-09-06 16:12:00',2,'2017-09-06','16:12:00'),(2533,1,'60','2017-09-07 04:48:00',1,'2017-09-07','04:48:00'),(2534,1,'60','2017-09-07 16:01:00',2,'2017-09-07','16:01:00'),(2535,1,'60','2017-09-08 07:38:00',1,'2017-09-08','07:38:00'),(2536,1,'60','2017-09-08 00:00:00',2,'2017-09-08','00:00:00'),(2537,1,'60','2017-09-09 00:00:00',1,'2017-09-09','00:00:00'),(2538,1,'60','2017-09-09 00:00:00',2,'2017-09-09','00:00:00'),(2539,1,'60','2017-09-10 00:00:00',1,'2017-09-10','00:00:00'),(2540,1,'60','2017-09-10 00:00:00',2,'2017-09-10','00:00:00'),(2541,1,'60','2017-09-11 00:00:00',1,'2017-09-11','00:00:00'),(2542,1,'60','2017-09-11 00:00:00',2,'2017-09-11','00:00:00'),(2543,1,'60','2017-09-12 06:47:00',1,'2017-09-12','06:47:00'),(2544,1,'60','2017-09-12 17:54:00',2,'2017-09-12','17:54:00'),(2545,1,'60','2017-09-13 04:56:00',1,'2017-09-13','04:56:00'),(2546,1,'60','2017-09-13 16:09:00',2,'2017-09-13','16:09:00'),(2547,1,'60','2017-09-14 05:52:00',1,'2017-09-14','05:52:00'),(2548,1,'60','2017-09-14 17:14:00',2,'2017-09-14','17:14:00'),(2549,1,'60','2017-09-15 04:54:00',1,'2017-09-15','04:54:00'),(2550,1,'60','2017-09-15 16:14:00',2,'2017-09-15','16:14:00'),(2551,1,'60','2017-09-16 00:00:00',1,'2017-09-16','00:00:00'),(2552,1,'60','2017-09-16 00:00:00',2,'2017-09-16','00:00:00'),(2553,1,'60','2017-09-17 00:00:00',1,'2017-09-17','00:00:00'),(2554,1,'60','2017-09-17 00:00:00',2,'2017-09-17','00:00:00'),(2555,1,'60','2017-09-18 04:50:00',1,'2017-09-18','04:50:00'),(2556,1,'60','2017-09-18 16:15:00',2,'2017-09-18','16:15:00'),(2557,1,'60','2017-09-19 06:42:00',1,'2017-09-19','06:42:00'),(2558,1,'60','2017-09-19 17:01:00',2,'2017-09-19','17:01:00'),(2559,1,'60','2017-09-20 04:51:00',1,'2017-09-20','04:51:00'),(2560,1,'60','2017-09-20 16:09:00',2,'2017-09-20','16:09:00'),(2561,1,'60','2017-09-21 00:00:00',1,'2017-09-21','00:00:00'),(2562,1,'60','2017-09-21 00:00:00',2,'2017-09-21','00:00:00'),(2563,1,'60','2017-09-22 04:54:00',1,'2017-09-22','04:54:00'),(2564,1,'60','2017-09-22 16:08:00',2,'2017-09-22','16:08:00'),(2565,1,'60','2017-09-23 00:00:00',1,'2017-09-23','00:00:00'),(2566,1,'60','2017-09-23 20:35:00',2,'2017-09-23','20:35:00'),(2567,1,'60','2017-09-24 04:12:00',1,'2017-09-24','04:12:00'),(2568,1,'60','2017-09-24 00:00:00',2,'2017-09-24','00:00:00'),(2569,1,'60','2017-09-25 09:50:00',1,'2017-09-25','09:50:00'),(2570,1,'60','2017-09-25 19:12:00',2,'2017-09-25','19:12:00'),(2571,1,'60','2017-09-26 09:50:00',1,'2017-09-26','09:50:00'),(2572,1,'60','2017-09-26 19:21:00',2,'2017-09-26','19:21:00'),(2573,1,'60','2017-09-27 06:41:00',1,'2017-09-27','06:41:00'),(2574,1,'60','2017-09-27 16:31:00',2,'2017-09-27','16:31:00'),(2575,1,'60','2017-09-28 09:41:00',1,'2017-09-28','09:41:00'),(2576,1,'60','2017-09-28 19:03:00',2,'2017-09-28','19:03:00'),(2577,1,'60','2017-09-29 06:38:00',1,'2017-09-29','06:38:00'),(2578,1,'60','2017-09-29 16:19:00',2,'2017-09-29','16:19:00'),(2579,1,'60','2017-09-30 00:00:00',1,'2017-09-30','00:00:00'),(2580,1,'60','2017-09-30 20:16:00',2,'2017-09-30','20:16:00'),(2581,1,'71','2017-09-01 00:00:00',1,'2017-09-01','00:00:00'),(2582,1,'71','2017-09-01 00:00:00',2,'2017-09-01','00:00:00'),(2583,1,'71','2017-09-02 00:00:00',1,'2017-09-02','00:00:00'),(2584,1,'71','2017-09-02 00:00:00',2,'2017-09-02','00:00:00'),(2585,1,'71','2017-09-03 00:00:00',1,'2017-09-03','00:00:00'),(2586,1,'71','2017-09-03 00:00:00',2,'2017-09-03','00:00:00'),(2587,1,'71','2017-09-04 06:30:00',1,'2017-09-04','06:30:00'),(2588,1,'71','2017-09-04 17:18:00',2,'2017-09-04','17:18:00'),(2589,1,'71','2017-09-05 07:03:00',1,'2017-09-05','07:03:00'),(2590,1,'71','2017-09-05 17:03:00',2,'2017-09-05','17:03:00'),(2591,1,'71','2017-09-06 06:32:00',1,'2017-09-06','06:32:00'),(2592,1,'71','2017-09-06 16:08:00',2,'2017-09-06','16:08:00'),(2593,1,'71','2017-09-07 06:40:00',1,'2017-09-07','06:40:00'),(2594,1,'71','2017-09-07 16:01:00',2,'2017-09-07','16:01:00'),(2595,1,'71','2017-09-08 09:34:00',1,'2017-09-08','09:34:00'),(2596,1,'71','2017-09-08 21:01:00',2,'2017-09-08','21:01:00'),(2597,1,'71','2017-09-09 06:48:00',1,'2017-09-09','06:48:00'),(2598,1,'71','2017-09-09 13:04:00',2,'2017-09-09','13:04:00'),(2599,1,'71','2017-09-10 00:00:00',1,'2017-09-10','00:00:00'),(2600,1,'71','2017-09-10 00:00:00',2,'2017-09-10','00:00:00'),(2601,1,'71','2017-09-11 06:33:00',1,'2017-09-11','06:33:00'),(2602,1,'71','2017-09-11 16:28:00',2,'2017-09-11','16:28:00'),(2603,1,'71','2017-09-12 06:45:00',1,'2017-09-12','06:45:00'),(2604,1,'71','2017-09-12 16:09:00',2,'2017-09-12','16:09:00'),(2605,1,'71','2017-09-13 06:46:00',1,'2017-09-13','06:46:00'),(2606,1,'71','2017-09-13 16:09:00',2,'2017-09-13','16:09:00'),(2607,1,'71','2017-09-14 06:41:00',1,'2017-09-14','06:41:00'),(2608,1,'71','2017-09-14 16:08:00',2,'2017-09-14','16:08:00'),(2609,1,'71','2017-09-15 06:46:00',1,'2017-09-15','06:46:00'),(2610,1,'71','2017-09-15 16:33:00',2,'2017-09-15','16:33:00'),(2611,1,'71','2017-09-16 06:45:00',1,'2017-09-16','06:45:00'),(2612,1,'71','2017-09-16 15:30:00',2,'2017-09-16','15:30:00'),(2613,1,'71','2017-09-17 00:00:00',1,'2017-09-17','00:00:00'),(2614,1,'71','2017-09-17 00:00:00',2,'2017-09-17','00:00:00'),(2615,1,'71','2017-09-18 00:00:00',1,'2017-09-18','00:00:00'),(2616,1,'71','2017-09-18 00:00:00',2,'2017-09-18','00:00:00'),(2617,1,'71','2017-09-19 06:46:00',1,'2017-09-19','06:46:00'),(2618,1,'71','2017-09-19 18:29:00',2,'2017-09-19','18:29:00'),(2619,1,'71','2017-09-20 06:53:00',1,'2017-09-20','06:53:00'),(2620,1,'71','2017-09-20 16:22:00',2,'2017-09-20','16:22:00'),(2621,1,'71','2017-09-21 00:00:00',1,'2017-09-21','00:00:00'),(2622,1,'71','2017-09-21 00:00:00',2,'2017-09-21','00:00:00'),(2623,1,'71','2017-09-22 06:45:00',1,'2017-09-22','06:45:00'),(2624,1,'71','2017-09-22 17:16:00',2,'2017-09-22','17:16:00'),(2625,1,'71','2017-09-23 00:00:00',1,'2017-09-23','00:00:00'),(2626,1,'71','2017-09-23 00:00:00',2,'2017-09-23','00:00:00'),(2627,1,'71','2017-09-24 00:00:00',1,'2017-09-24','00:00:00'),(2628,1,'71','2017-09-24 00:00:00',2,'2017-09-24','00:00:00'),(2629,1,'71','2017-09-25 06:50:00',1,'2017-09-25','06:50:00'),(2630,1,'71','2017-09-25 16:07:00',2,'2017-09-25','16:07:00'),(2631,1,'71','2017-09-26 05:26:00',1,'2017-09-26','05:26:00'),(2632,1,'71','2017-09-26 15:18:00',2,'2017-09-26','15:18:00'),(2633,1,'71','2017-09-27 05:40:00',1,'2017-09-27','05:40:00'),(2634,1,'71','2017-09-27 15:09:00',2,'2017-09-27','15:09:00'),(2635,1,'71','2017-09-28 05:32:00',1,'2017-09-28','05:32:00'),(2636,1,'71','2017-09-28 15:06:00',2,'2017-09-28','15:06:00'),(2637,1,'71','2017-09-29 05:43:00',1,'2017-09-29','05:43:00'),(2638,1,'71','2017-09-29 15:45:00',2,'2017-09-29','15:45:00'),(2639,1,'71','2017-09-30 00:00:00',1,'2017-09-30','00:00:00'),(2640,1,'71','2017-09-30 00:00:00',2,'2017-09-30','00:00:00'),(2641,1,'73','2017-09-01 00:00:00',1,'2017-09-01','00:00:00'),(2642,1,'73','2017-09-01 00:00:00',2,'2017-09-01','00:00:00'),(2643,1,'73','2017-09-02 00:00:00',1,'2017-09-02','00:00:00'),(2644,1,'73','2017-09-02 00:00:00',2,'2017-09-02','00:00:00'),(2645,1,'73','2017-09-03 00:00:00',1,'2017-09-03','00:00:00'),(2646,1,'73','2017-09-03 18:45:00',2,'2017-09-03','18:45:00'),(2647,1,'73','2017-09-04 05:02:00',1,'2017-09-04','05:02:00'),(2648,1,'73','2017-09-04 18:47:00',2,'2017-09-04','18:47:00'),(2649,1,'73','2017-09-05 06:10:00',1,'2017-09-05','06:10:00'),(2650,1,'73','2017-09-05 18:45:00',2,'2017-09-05','18:45:00'),(2651,1,'73','2017-09-06 06:08:00',1,'2017-09-06','06:08:00'),(2652,1,'73','2017-09-06 18:45:00',2,'2017-09-06','18:45:00'),(2653,1,'73','2017-09-07 06:07:00',1,'2017-09-07','06:07:00'),(2654,1,'73','2017-09-07 18:42:00',2,'2017-09-07','18:42:00'),(2655,1,'73','2017-09-08 06:09:00',1,'2017-09-08','06:09:00'),(2656,1,'73','2017-09-08 00:00:00',2,'2017-09-08','00:00:00'),(2657,1,'73','2017-09-09 00:00:00',1,'2017-09-09','00:00:00'),(2658,1,'73','2017-09-09 00:00:00',2,'2017-09-09','00:00:00'),(2659,1,'73','2017-09-10 00:00:00',1,'2017-09-10','00:00:00'),(2660,1,'73','2017-09-10 00:00:00',2,'2017-09-10','00:00:00'),(2661,1,'73','2017-09-11 05:36:00',1,'2017-09-11','05:36:00'),(2662,1,'73','2017-09-11 00:09:00',2,'2017-09-11','00:09:00'),(2663,1,'73','2017-09-12 13:44:00',1,'2017-09-12','13:44:00'),(2664,1,'73','2017-09-12 23:24:00',2,'2017-09-12','23:24:00'),(2665,1,'73','2017-09-13 13:40:00',1,'2017-09-13','13:40:00'),(2666,1,'73','2017-09-13 00:10:00',2,'2017-09-13','00:10:00'),(2667,1,'73','2017-09-14 00:00:00',1,'2017-09-14','00:00:00'),(2668,1,'73','2017-09-14 00:00:00',2,'2017-09-14','00:00:00'),(2669,1,'73','2017-09-15 13:42:00',1,'2017-09-15','13:42:00'),(2670,1,'73','2017-09-15 23:08:00',2,'2017-09-15','23:08:00'),(2671,1,'73','2017-09-16 00:00:00',1,'2017-09-16','00:00:00'),(2672,1,'73','2017-09-16 00:00:00',2,'2017-09-16','00:00:00'),(2673,1,'73','2017-09-17 00:00:00',1,'2017-09-17','00:00:00'),(2674,1,'73','2017-09-17 00:00:00',2,'2017-09-17','00:00:00'),(2675,1,'73','2017-09-18 05:42:00',1,'2017-09-18','05:42:00'),(2676,1,'73','2017-09-18 18:19:00',2,'2017-09-18','18:19:00'),(2677,1,'73','2017-09-19 05:44:00',1,'2017-09-19','05:44:00'),(2678,1,'73','2017-09-19 17:11:00',2,'2017-09-19','17:11:00'),(2679,1,'73','2017-09-20 05:47:00',1,'2017-09-20','05:47:00'),(2680,1,'73','2017-09-20 19:13:00',2,'2017-09-20','19:13:00'),(2681,1,'73','2017-09-21 00:00:00',1,'2017-09-21','00:00:00'),(2682,1,'73','2017-09-21 00:00:00',2,'2017-09-21','00:00:00'),(2683,1,'73','2017-09-22 05:46:00',1,'2017-09-22','05:46:00'),(2684,1,'73','2017-09-22 15:10:00',2,'2017-09-22','15:10:00'),(2685,1,'73','2017-09-23 00:00:00',1,'2017-09-23','00:00:00'),(2686,1,'73','2017-09-23 00:00:00',2,'2017-09-23','00:00:00'),(2687,1,'73','2017-09-24 00:00:00',1,'2017-09-24','00:00:00'),(2688,1,'73','2017-09-24 18:40:00',2,'2017-09-24','18:40:00'),(2689,1,'73','2017-09-25 04:59:00',1,'2017-09-25','04:59:00'),(2690,1,'73','2017-09-25 18:48:00',2,'2017-09-25','18:48:00'),(2691,1,'73','2017-09-26 06:17:00',1,'2017-09-26','06:17:00'),(2692,1,'73','2017-09-26 18:50:00',2,'2017-09-26','18:50:00'),(2693,1,'73','2017-09-27 05:24:00',1,'2017-09-27','05:24:00'),(2694,1,'73','2017-09-27 18:45:00',2,'2017-09-27','18:45:00'),(2695,1,'73','2017-09-28 04:14:00',1,'2017-09-28','04:14:00'),(2696,1,'73','2017-09-28 18:48:00',2,'2017-09-28','18:48:00'),(2697,1,'73','2017-09-29 04:13:00',1,'2017-09-29','04:13:00'),(2698,1,'73','2017-09-29 00:00:00',2,'2017-09-29','00:00:00'),(2699,1,'73','2017-09-30 00:00:00',1,'2017-09-30','00:00:00'),(2700,1,'73','2017-09-30 00:00:00',2,'2017-09-30','00:00:00'),(2701,1,'117','2017-09-01 00:00:00',1,'2017-09-01','00:00:00'),(2702,1,'117','2017-09-01 00:00:00',2,'2017-09-01','00:00:00'),(2703,1,'117','2017-09-02 00:00:00',1,'2017-09-02','00:00:00'),(2704,1,'117','2017-09-02 00:00:00',2,'2017-09-02','00:00:00'),(2705,1,'117','2017-09-03 00:00:00',1,'2017-09-03','00:00:00'),(2706,1,'117','2017-09-03 00:00:00',2,'2017-09-03','00:00:00'),(2707,1,'117','2017-09-04 05:36:00',1,'2017-09-04','05:36:00'),(2708,1,'117','2017-09-04 16:10:00',2,'2017-09-04','16:10:00'),(2709,1,'117','2017-09-05 05:29:00',1,'2017-09-05','05:29:00'),(2710,1,'117','2017-09-05 18:11:00',2,'2017-09-05','18:11:00'),(2711,1,'117','2017-09-06 05:47:00',1,'2017-09-06','05:47:00'),(2712,1,'117','2017-09-06 16:13:00',2,'2017-09-06','16:13:00'),(2713,1,'117','2017-09-07 05:23:00',1,'2017-09-07','05:23:00'),(2714,1,'117','2017-09-07 15:21:00',2,'2017-09-07','15:21:00'),(2715,1,'117','2017-09-08 05:32:00',1,'2017-09-08','05:32:00'),(2716,1,'117','2017-09-08 15:25:00',2,'2017-09-08','15:25:00'),(2717,1,'117','2017-09-09 08:43:00',1,'2017-09-09','08:43:00'),(2718,1,'117','2017-09-09 19:40:00',2,'2017-09-09','19:40:00'),(2719,1,'117','2017-09-10 00:00:00',1,'2017-09-10','00:00:00'),(2720,1,'117','2017-09-10 18:42:00',2,'2017-09-10','18:42:00'),(2721,1,'117','2017-09-11 06:09:00',1,'2017-09-11','06:09:00'),(2722,1,'117','2017-09-11 18:27:00',2,'2017-09-11','18:27:00'),(2723,1,'117','2017-09-12 04:13:00',1,'2017-09-12','04:13:00'),(2724,1,'117','2017-09-12 18:32:00',2,'2017-09-12','18:32:00'),(2725,1,'117','2017-09-13 04:17:00',1,'2017-09-13','04:17:00'),(2726,1,'117','2017-09-13 18:31:00',2,'2017-09-13','18:31:00'),(2727,1,'117','2017-09-14 04:21:00',1,'2017-09-14','04:21:00'),(2728,1,'117','2017-09-14 18:35:00',2,'2017-09-14','18:35:00'),(2729,1,'117','2017-09-15 04:31:00',1,'2017-09-15','04:31:00'),(2730,1,'117','2017-09-15 00:00:00',2,'2017-09-15','00:00:00'),(2731,1,'117','2017-09-16 00:00:00',1,'2017-09-16','00:00:00'),(2732,1,'117','2017-09-16 00:00:00',2,'2017-09-16','00:00:00'),(2733,1,'117','2017-09-17 00:00:00',1,'2017-09-17','00:00:00'),(2734,1,'117','2017-09-17 00:00:00',2,'2017-09-17','00:00:00'),(2735,1,'117','2017-09-18 13:55:00',1,'2017-09-18','13:55:00'),(2736,1,'117','2017-09-18 00:12:00',2,'2017-09-18','00:12:00'),(2737,1,'117','2017-09-19 13:31:00',1,'2017-09-19','13:31:00'),(2738,1,'117','2017-09-19 14:00:00',2,'2017-09-19','14:00:00'),(2739,1,'117','2017-09-20 03:11:00',1,'2017-09-20','03:11:00'),(2740,1,'117','2017-09-20 23:15:00',2,'2017-09-20','23:15:00'),(2741,1,'117','2017-09-21 00:00:00',1,'2017-09-21','00:00:00'),(2742,1,'117','2017-09-21 00:00:00',2,'2017-09-21','00:00:00'),(2743,1,'117','2017-09-22 00:00:00',1,'2017-09-22','00:00:00'),(2744,1,'117','2017-09-22 23:14:00',2,'2017-09-22','23:14:00'),(2745,1,'117','2017-09-23 00:00:00',1,'2017-09-23','00:00:00'),(2746,1,'117','2017-09-23 00:00:00',2,'2017-09-23','00:00:00'),(2747,1,'117','2017-09-24 00:00:00',1,'2017-09-24','00:00:00'),(2748,1,'117','2017-09-24 00:00:00',2,'2017-09-24','00:00:00'),(2749,1,'117','2017-09-25 05:41:00',1,'2017-09-25','05:41:00'),(2750,1,'117','2017-09-25 15:43:00',2,'2017-09-25','15:43:00'),(2751,1,'117','2017-09-26 05:31:00',1,'2017-09-26','05:31:00'),(2752,1,'117','2017-09-26 15:28:00',2,'2017-09-26','15:28:00'),(2753,1,'117','2017-09-27 05:43:00',1,'2017-09-27','05:43:00'),(2754,1,'117','2017-09-27 15:21:00',2,'2017-09-27','15:21:00'),(2755,1,'117','2017-09-28 05:51:00',1,'2017-09-28','05:51:00'),(2756,1,'117','2017-09-28 15:10:00',2,'2017-09-28','15:10:00'),(2757,1,'117','2017-09-29 05:43:00',1,'2017-09-29','05:43:00'),(2758,1,'117','2017-09-29 15:14:00',2,'2017-09-29','15:14:00'),(2759,1,'117','2017-09-30 00:00:00',1,'2017-09-30','00:00:00'),(2760,1,'117','2017-09-30 00:00:00',2,'2017-09-30','00:00:00'),(2761,1,'118','2017-09-01 00:00:00',1,'2017-09-01','00:00:00'),(2762,1,'118','2017-09-01 00:00:00',2,'2017-09-01','00:00:00'),(2763,1,'118','2017-09-02 00:00:00',1,'2017-09-02','00:00:00'),(2764,1,'118','2017-09-02 00:00:00',2,'2017-09-02','00:00:00'),(2765,1,'118','2017-09-03 00:00:00',1,'2017-09-03','00:00:00'),(2766,1,'118','2017-09-03 00:00:00',2,'2017-09-03','00:00:00'),(2767,1,'118','2017-09-04 00:00:00',1,'2017-09-04','00:00:00'),(2768,1,'118','2017-09-04 13:49:00',2,'2017-09-04','13:49:00'),(2769,1,'118','2017-09-05 02:31:00',1,'2017-09-05','02:31:00'),(2770,1,'118','2017-09-05 00:07:00',2,'2017-09-05','00:07:00'),(2771,1,'118','2017-09-06 00:00:00',1,'2017-09-06','00:00:00'),(2772,1,'118','2017-09-06 13:54:00',2,'2017-09-06','13:54:00'),(2773,1,'118','2017-09-07 02:28:00',1,'2017-09-07','02:28:00'),(2774,1,'118','2017-09-07 00:31:00',2,'2017-09-07','00:31:00'),(2775,1,'118','2017-09-08 00:00:00',1,'2017-09-08','00:00:00'),(2776,1,'118','2017-09-08 13:55:00',2,'2017-09-08','13:55:00'),(2777,1,'118','2017-09-09 02:30:00',1,'2017-09-09','02:30:00'),(2778,1,'118','2017-09-09 00:00:00',2,'2017-09-09','00:00:00'),(2779,1,'118','2017-09-10 00:00:00',1,'2017-09-10','00:00:00'),(2780,1,'118','2017-09-10 00:00:00',2,'2017-09-10','00:00:00'),(2781,1,'118','2017-09-11 05:34:00',1,'2017-09-11','05:34:00'),(2782,1,'118','2017-09-11 16:05:00',2,'2017-09-11','16:05:00'),(2783,1,'118','2017-09-12 05:45:00',1,'2017-09-12','05:45:00'),(2784,1,'118','2017-09-12 15:16:00',2,'2017-09-12','15:16:00'),(2785,1,'118','2017-09-13 05:56:00',1,'2017-09-13','05:56:00'),(2786,1,'118','2017-09-13 15:31:00',2,'2017-09-13','15:31:00'),(2787,1,'118','2017-09-14 06:05:00',1,'2017-09-14','06:05:00'),(2788,1,'118','2017-09-14 21:32:00',2,'2017-09-14','21:32:00'),(2789,1,'118','2017-09-15 05:57:00',1,'2017-09-15','05:57:00'),(2790,1,'118','2017-09-15 16:25:00',2,'2017-09-15','16:25:00'),(2791,1,'118','2017-09-16 07:57:00',1,'2017-09-16','07:57:00'),(2792,1,'118','2017-09-16 18:08:00',2,'2017-09-16','18:08:00'),(2793,1,'118','2017-09-17 00:00:00',1,'2017-09-17','00:00:00'),(2794,1,'118','2017-09-17 18:34:00',2,'2017-09-17','18:34:00'),(2795,1,'118','2017-09-18 04:39:00',1,'2017-09-18','04:39:00'),(2796,1,'118','2017-09-18 18:48:00',2,'2017-09-18','18:48:00'),(2797,1,'118','2017-09-19 06:12:00',1,'2017-09-19','06:12:00'),(2798,1,'118','2017-09-19 18:49:00',2,'2017-09-19','18:49:00'),(2799,1,'118','2017-09-20 06:38:00',1,'2017-09-20','06:38:00'),(2800,1,'118','2017-09-20 00:00:00',2,'2017-09-20','00:00:00'),(2801,1,'118','2017-09-21 00:00:00',1,'2017-09-21','00:00:00'),(2802,1,'118','2017-09-21 18:33:00',2,'2017-09-21','18:33:00'),(2803,1,'118','2017-09-22 04:44:00',1,'2017-09-22','04:44:00'),(2804,1,'118','2017-09-22 00:00:00',2,'2017-09-22','00:00:00'),(2805,1,'118','2017-09-23 00:00:00',1,'2017-09-23','00:00:00'),(2806,1,'118','2017-09-23 00:00:00',2,'2017-09-23','00:00:00'),(2807,1,'118','2017-09-24 00:00:00',1,'2017-09-24','00:00:00'),(2808,1,'118','2017-09-24 00:00:00',2,'2017-09-24','00:00:00'),(2809,1,'118','2017-09-25 13:49:00',1,'2017-09-25','13:49:00'),(2810,1,'118','2017-09-25 23:25:00',2,'2017-09-25','23:25:00'),(2811,1,'118','2017-09-26 00:00:00',1,'2017-09-26','00:00:00'),(2812,1,'118','2017-09-26 00:15:00',2,'2017-09-26','00:15:00'),(2813,1,'118','2017-09-27 00:00:00',1,'2017-09-27','00:00:00'),(2814,1,'118','2017-09-27 23:12:00',2,'2017-09-27','23:12:00'),(2815,1,'118','2017-09-28 00:00:00',1,'2017-09-28','00:00:00'),(2816,1,'118','2017-09-28 23:18:00',2,'2017-09-28','23:18:00'),(2817,1,'118','2017-09-29 00:00:00',1,'2017-09-29','00:00:00'),(2818,1,'118','2017-09-29 00:22:00',2,'2017-09-29','00:22:00'),(2819,1,'118','2017-09-30 00:00:00',1,'2017-09-30','00:00:00'),(2820,1,'118','2017-09-30 00:00:00',2,'2017-09-30','00:00:00');

/*Table structure for table `m_status` */

DROP TABLE IF EXISTS `m_status`;

CREATE TABLE `m_status` (
  `id_status` int(11) NOT NULL AUTO_INCREMENT COMMENT 'ID Status',
  `nm_status` varchar(35) DEFAULT NULL COMMENT 'Nama Status',
  PRIMARY KEY (`id_status`)
) ENGINE=InnoDB AUTO_INCREMENT=10 DEFAULT CHARSET=latin1;

/*Data for the table `m_status` */

insert  into `m_status`(`id_status`,`nm_status`) values (1,'Karyawan Magang'),(2,'Karyawan Tetap'),(3,'Karyawan Kontrak I'),(4,'Karyawan Kontrak II'),(5,'Kontrak Berakhir'),(6,'Resign'),(7,'PHK'),(8,'Non Karyawan'),(9,'PKL');

/*Table structure for table `pekerjaan` */

DROP TABLE IF EXISTS `pekerjaan`;

CREATE TABLE `pekerjaan` (
  `id_pekerjaan` int(11) NOT NULL AUTO_INCREMENT COMMENT 'ID Pekerjaan',
  `nm_pekerjaan` varchar(25) DEFAULT NULL COMMENT 'Nama Pekerjaan',
  PRIMARY KEY (`id_pekerjaan`)
) ENGINE=InnoDB AUTO_INCREMENT=7 DEFAULT CHARSET=latin1;

/*Data for the table `pekerjaan` */

insert  into `pekerjaan`(`id_pekerjaan`,`nm_pekerjaan`) values (1,'-'),(2,'Tidak Bekerja'),(3,'IRT'),(4,'Wiraswasta'),(5,'Karyawan Swasta'),(6,'PNS');

/*Table structure for table `pendidikan` */

DROP TABLE IF EXISTS `pendidikan`;

CREATE TABLE `pendidikan` (
  `id_pendidikan` int(11) NOT NULL AUTO_INCREMENT COMMENT 'ID. Pendidikan',
  `nm_pendidikan` varchar(35) DEFAULT NULL COMMENT 'Nama Pendidikan',
  `deskripsi` varchar(75) DEFAULT NULL COMMENT 'Deskripsi',
  PRIMARY KEY (`id_pendidikan`)
) ENGINE=InnoDB AUTO_INCREMENT=12 DEFAULT CHARSET=latin1;

/*Data for the table `pendidikan` */

insert  into `pendidikan`(`id_pendidikan`,`nm_pendidikan`,`deskripsi`) values (1,'SD / Sederajat','Sekolah Dasar Negeri'),(2,'SD','Sekolah Dasar'),(3,'SMP','Sekolah Menengah Pertama'),(4,'SMPN','Sekolah Menengah Pertama Negeri'),(5,'SMA','Sekolah Menengah Atas'),(6,'SMAN','Sekolah Menegah Atas Negeri'),(7,'-','-'),(8,'D3','Diploma Tiga'),(9,'S1','Sarjana'),(10,'S2','Magister'),(11,'S3','Doktor');

/*Table structure for table `penggajian` */

DROP TABLE IF EXISTS `penggajian`;

CREATE TABLE `penggajian` (
  `id` int(11) NOT NULL AUTO_INCREMENT COMMENT 'ID. Penggajian',
  `tgl` date NOT NULL COMMENT 'Tgl. Penggajian',
  `bulan` enum('Januari','Februari','Maret','April','Mei','Juni','Juli','Agustus','September','Oktober','November','Desember') NOT NULL COMMENT 'Bulan Penggajian',
  `tahun` varchar(4) NOT NULL COMMENT 'Tahun Penggajian',
  `id_perusahaan` int(11) NOT NULL COMMENT 'ID Perusahaan',
  `tgl_awal` date DEFAULT NULL COMMENT 'Tgl. Awal Cut Off',
  `tgl_akhir` date DEFAULT NULL COMMENT 'Tgl. Akhir Cut Off',
  PRIMARY KEY (`id`)
) ENGINE=InnoDB AUTO_INCREMENT=11 DEFAULT CHARSET=latin1;

/*Data for the table `penggajian` */

insert  into `penggajian`(`id`,`tgl`,`bulan`,`tahun`,`id_perusahaan`,`tgl_awal`,`tgl_akhir`) values (8,'2017-09-12','Agustus','2017',1,'2017-08-01','2017-08-31'),(9,'2017-09-30','September','2017',1,'2017-09-01','2017-09-30'),(10,'2017-10-25','Oktober','2017',1,'2017-10-01','2017-10-31');

/*Table structure for table `penggajian_karyawan` */

DROP TABLE IF EXISTS `penggajian_karyawan`;

CREATE TABLE `penggajian_karyawan` (
  `id_pk` int(11) NOT NULL AUTO_INCREMENT COMMENT 'ID. Penggajian Karyawan',
  `id_penggajian` int(11) DEFAULT NULL COMMENT 'ID. Penggajian',
  `id_karyawan` int(11) DEFAULT NULL COMMENT 'ID. Karyawan',
  `pendapatan` decimal(10,2) DEFAULT '0.00' COMMENT 'Pendapatan',
  `potongan` decimal(10,2) DEFAULT '0.00' COMMENT 'Potongan',
  `subtotal` decimal(10,2) DEFAULT '0.00' COMMENT 'Subtotal',
  `bonus` decimal(10,2) DEFAULT '0.00' COMMENT 'Bonus',
  `pajak` decimal(10,2) DEFAULT '0.00' COMMENT 'Pajak',
  `thp` decimal(10,2) DEFAULT '0.00' COMMENT 'Take Home Pay',
  PRIMARY KEY (`id_pk`)
) ENGINE=InnoDB AUTO_INCREMENT=703 DEFAULT CHARSET=latin1;

/*Data for the table `penggajian_karyawan` */

insert  into `penggajian_karyawan`(`id_pk`,`id_penggajian`,`id_karyawan`,`pendapatan`,`potongan`,`subtotal`,`bonus`,`pajak`,`thp`) values (302,8,1,'750000.00','0.00','750000.00','0.00','0.00','750000.00'),(303,8,2,'660000.00','0.00','660000.00','0.00','0.00','660000.00'),(304,8,3,'630000.00','0.00','630000.00','0.00','0.00','630000.00'),(305,8,4,'720000.00','0.00','720000.00','0.00','0.00','720000.00'),(306,8,5,'630000.00','0.00','630000.00','0.00','0.00','630000.00'),(307,8,6,'630000.00','0.00','630000.00','0.00','0.00','630000.00'),(308,8,7,'0.00','0.00','0.00','0.00','0.00','0.00'),(309,8,8,'0.00','0.00','0.00','0.00','0.00','0.00'),(310,8,9,'720000.00','0.00','720000.00','0.00','0.00','720000.00'),(311,8,10,'0.00','0.00','0.00','0.00','0.00','0.00'),(312,8,11,'0.00','0.00','0.00','0.00','0.00','0.00'),(313,8,12,'0.00','0.00','0.00','0.00','0.00','0.00'),(314,8,13,'0.00','0.00','0.00','0.00','0.00','0.00'),(315,8,14,'750000.00','0.00','750000.00','0.00','0.00','750000.00'),(316,8,15,'630000.00','0.00','630000.00','0.00','0.00','630000.00'),(317,8,16,'0.00','0.00','0.00','0.00','0.00','0.00'),(318,8,17,'720000.00','0.00','720000.00','0.00','0.00','720000.00'),(319,8,18,'0.00','0.00','0.00','0.00','0.00','0.00'),(320,8,19,'720000.00','0.00','720000.00','0.00','0.00','720000.00'),(321,8,20,'600000.00','0.00','600000.00','0.00','0.00','600000.00'),(322,8,21,'690000.00','0.00','690000.00','0.00','0.00','690000.00'),(323,8,22,'0.00','0.00','0.00','0.00','0.00','0.00'),(324,8,23,'780000.00','0.00','780000.00','0.00','0.00','780000.00'),(325,8,24,'0.00','0.00','0.00','0.00','0.00','0.00'),(326,8,25,'0.00','0.00','0.00','0.00','0.00','0.00'),(327,8,26,'0.00','0.00','0.00','0.00','0.00','0.00'),(328,8,27,'0.00','0.00','0.00','0.00','0.00','0.00'),(329,8,28,'150000.00','0.00','150000.00','0.00','0.00','150000.00'),(330,8,29,'690000.00','0.00','690000.00','0.00','0.00','690000.00'),(331,8,30,'720000.00','0.00','720000.00','0.00','0.00','720000.00'),(332,8,31,'0.00','0.00','0.00','0.00','0.00','0.00'),(333,8,32,'510000.00','0.00','510000.00','0.00','0.00','510000.00'),(334,8,33,'750000.00','0.00','750000.00','0.00','0.00','750000.00'),(335,8,34,'0.00','0.00','0.00','0.00','0.00','0.00'),(336,8,35,'0.00','0.00','0.00','0.00','0.00','0.00'),(337,8,36,'0.00','0.00','0.00','0.00','0.00','0.00'),(338,8,37,'0.00','0.00','0.00','0.00','0.00','0.00'),(339,8,38,'690000.00','0.00','690000.00','0.00','0.00','690000.00'),(340,8,39,'720000.00','0.00','720000.00','0.00','0.00','720000.00'),(341,8,40,'0.00','0.00','0.00','0.00','0.00','0.00'),(342,8,41,'720000.00','0.00','720000.00','0.00','0.00','720000.00'),(343,8,42,'720000.00','0.00','720000.00','0.00','0.00','720000.00'),(344,8,43,'660000.00','0.00','660000.00','0.00','0.00','660000.00'),(345,8,44,'630000.00','0.00','630000.00','0.00','0.00','630000.00'),(346,8,45,'690000.00','0.00','690000.00','0.00','0.00','690000.00'),(347,8,46,'720000.00','0.00','720000.00','0.00','0.00','720000.00'),(348,8,47,'660000.00','0.00','660000.00','0.00','0.00','660000.00'),(349,8,48,'0.00','0.00','0.00','0.00','0.00','0.00'),(350,8,49,'0.00','0.00','0.00','0.00','0.00','0.00'),(351,8,50,'0.00','0.00','0.00','0.00','0.00','0.00'),(352,8,51,'750000.00','0.00','750000.00','0.00','0.00','750000.00'),(353,8,52,'720000.00','0.00','720000.00','0.00','0.00','720000.00'),(354,8,53,'750000.00','0.00','750000.00','0.00','0.00','750000.00'),(355,8,54,'690000.00','0.00','690000.00','0.00','0.00','690000.00'),(356,8,55,'690000.00','0.00','690000.00','0.00','0.00','690000.00'),(357,8,56,'720000.00','0.00','720000.00','0.00','0.00','720000.00'),(358,8,57,'720000.00','0.00','720000.00','0.00','0.00','720000.00'),(359,8,58,'660000.00','0.00','660000.00','0.00','0.00','660000.00'),(360,8,59,'660000.00','0.00','660000.00','0.00','0.00','660000.00'),(361,8,60,'690000.00','0.00','690000.00','0.00','0.00','690000.00'),(362,8,61,'690000.00','0.00','690000.00','0.00','0.00','690000.00'),(363,8,62,'720000.00','0.00','720000.00','0.00','0.00','720000.00'),(364,8,63,'690000.00','0.00','690000.00','0.00','0.00','690000.00'),(365,8,64,'720000.00','0.00','720000.00','0.00','0.00','720000.00'),(366,8,65,'780000.00','0.00','780000.00','0.00','0.00','780000.00'),(367,8,66,'720000.00','0.00','720000.00','0.00','0.00','720000.00'),(569,9,1,'0.00','0.00','0.00','0.00','0.00','0.00'),(570,9,2,'8895000.00','292193.00','8602807.00','0.00','0.00','8602807.00'),(571,9,3,'0.00','0.00','0.00','0.00','0.00','0.00'),(572,9,4,'0.00','0.00','0.00','0.00','0.00','0.00'),(573,9,5,'0.00','0.00','0.00','0.00','0.00','0.00'),(574,9,6,'0.00','0.00','0.00','0.00','0.00','0.00'),(575,9,7,'0.00','0.00','0.00','0.00','0.00','0.00'),(576,9,8,'0.00','0.00','0.00','0.00','0.00','0.00'),(577,9,9,'0.00','0.00','0.00','0.00','0.00','0.00'),(578,9,10,'0.00','0.00','0.00','0.00','0.00','0.00'),(579,9,11,'0.00','0.00','0.00','0.00','0.00','0.00'),(580,9,12,'0.00','0.00','0.00','0.00','0.00','0.00'),(581,9,13,'0.00','0.00','0.00','0.00','0.00','0.00'),(582,9,14,'0.00','0.00','0.00','0.00','0.00','0.00'),(583,9,15,'3953750.00','158151.00','3795599.00','0.00','0.00','3795599.00'),(584,9,16,'0.00','0.00','0.00','0.00','0.00','0.00'),(585,9,17,'0.00','0.00','0.00','0.00','0.00','0.00'),(586,9,18,'0.00','0.00','0.00','0.00','0.00','0.00'),(587,9,19,'0.00','0.00','0.00','0.00','0.00','0.00'),(588,9,20,'0.00','0.00','0.00','0.00','0.00','0.00'),(589,9,21,'0.00','0.00','0.00','0.00','0.00','0.00'),(590,9,22,'0.00','0.00','0.00','0.00','0.00','0.00'),(591,9,23,'0.00','0.00','0.00','0.00','0.00','0.00'),(592,9,24,'0.00','0.00','0.00','0.00','0.00','0.00'),(593,9,25,'0.00','0.00','0.00','0.00','0.00','0.00'),(594,9,26,'0.00','0.00','0.00','0.00','0.00','0.00'),(595,9,27,'0.00','0.00','0.00','0.00','0.00','0.00'),(596,9,28,'0.00','0.00','0.00','0.00','0.00','0.00'),(597,9,29,'0.00','0.00','0.00','0.00','0.00','0.00'),(598,9,30,'4203750.00','118613.00','4085137.00','0.00','0.00','4085137.00'),(599,9,31,'0.00','0.00','0.00','0.00','0.00','0.00'),(600,9,32,'0.00','0.00','0.00','0.00','0.00','0.00'),(601,9,33,'0.00','0.00','0.00','0.00','0.00','0.00'),(602,9,34,'0.00','0.00','0.00','0.00','0.00','0.00'),(603,9,35,'0.00','0.00','0.00','0.00','0.00','0.00'),(604,9,36,'0.00','0.00','0.00','0.00','0.00','0.00'),(605,9,37,'0.00','0.00','0.00','0.00','0.00','0.00'),(606,9,38,'0.00','0.00','0.00','0.00','0.00','0.00'),(607,9,39,'0.00','0.00','0.00','0.00','0.00','0.00'),(608,9,40,'0.00','0.00','0.00','0.00','0.00','0.00'),(609,9,41,'0.00','0.00','0.00','0.00','0.00','0.00'),(610,9,42,'0.00','0.00','0.00','0.00','0.00','0.00'),(611,9,43,'0.00','0.00','0.00','0.00','0.00','0.00'),(612,9,44,'0.00','0.00','0.00','0.00','0.00','0.00'),(613,9,45,'0.00','0.00','0.00','0.00','0.00','0.00'),(614,9,46,'0.00','0.00','0.00','0.00','0.00','0.00'),(615,9,47,'0.00','0.00','0.00','0.00','0.00','0.00'),(616,9,48,'0.00','0.00','0.00','0.00','0.00','0.00'),(617,9,49,'0.00','0.00','0.00','0.00','0.00','0.00'),(618,9,50,'0.00','0.00','0.00','0.00','0.00','0.00'),(619,9,51,'0.00','0.00','0.00','0.00','0.00','0.00'),(620,9,52,'0.00','0.00','0.00','0.00','0.00','0.00'),(621,9,53,'0.00','0.00','0.00','0.00','0.00','0.00'),(622,9,54,'0.00','0.00','0.00','0.00','0.00','0.00'),(623,9,55,'0.00','0.00','0.00','0.00','0.00','0.00'),(624,9,56,'0.00','0.00','0.00','0.00','0.00','0.00'),(625,9,57,'0.00','0.00','0.00','0.00','0.00','0.00'),(626,9,58,'0.00','0.00','0.00','0.00','0.00','0.00'),(627,9,59,'0.00','0.00','0.00','0.00','0.00','0.00'),(628,9,60,'0.00','0.00','0.00','0.00','0.00','0.00'),(629,9,61,'0.00','0.00','0.00','0.00','0.00','0.00'),(630,9,62,'0.00','0.00','0.00','0.00','0.00','0.00'),(631,9,63,'0.00','0.00','0.00','0.00','0.00','0.00'),(632,9,64,'0.00','0.00','0.00','0.00','0.00','0.00'),(633,9,65,'0.00','0.00','0.00','0.00','0.00','0.00'),(634,9,66,'0.00','0.00','0.00','0.00','0.00','0.00'),(635,9,67,'4253750.00','0.00','4253750.00','0.00','0.00','4253750.00'),(636,10,1,'0.00','0.00','0.00','0.00','0.00','0.00'),(637,10,2,'8002000.00','292193.00','7709807.00','0.00','0.00','7709807.00'),(638,10,3,'0.00','0.00','0.00','0.00','0.00','0.00'),(639,10,4,'0.00','0.00','0.00','0.00','0.00','0.00'),(640,10,5,'0.00','0.00','0.00','0.00','0.00','0.00'),(641,10,6,'690000.00','0.00','690000.00','0.00','0.00','690000.00'),(642,10,7,'720000.00','0.00','720000.00','0.00','0.00','720000.00'),(643,10,8,'720000.00','0.00','720000.00','0.00','0.00','720000.00'),(644,10,9,'0.00','0.00','0.00','0.00','0.00','0.00'),(645,10,10,'690000.00','0.00','690000.00','0.00','0.00','690000.00'),(646,10,11,'720000.00','0.00','720000.00','0.00','0.00','720000.00'),(647,10,12,'270000.00','0.00','270000.00','0.00','0.00','270000.00'),(648,10,13,'690000.00','0.00','690000.00','0.00','0.00','690000.00'),(649,10,14,'690000.00','0.00','690000.00','0.00','0.00','690000.00'),(650,10,15,'4413750.00','158151.00','4255599.00','0.00','0.00','4255599.00'),(651,10,16,'0.00','0.00','0.00','0.00','0.00','0.00'),(652,10,17,'0.00','0.00','0.00','0.00','0.00','0.00'),(653,10,18,'0.00','0.00','0.00','0.00','0.00','0.00'),(654,10,19,'0.00','0.00','0.00','0.00','0.00','0.00'),(655,10,20,'0.00','0.00','0.00','0.00','0.00','0.00'),(656,10,21,'0.00','0.00','0.00','0.00','0.00','0.00'),(657,10,22,'0.00','0.00','0.00','0.00','0.00','0.00'),(658,10,23,'0.00','0.00','0.00','0.00','0.00','0.00'),(659,10,24,'0.00','0.00','0.00','0.00','0.00','0.00'),(660,10,25,'0.00','0.00','0.00','0.00','0.00','0.00'),(661,10,26,'0.00','0.00','0.00','0.00','0.00','0.00'),(662,10,27,'0.00','0.00','0.00','0.00','0.00','0.00'),(663,10,28,'0.00','0.00','0.00','0.00','0.00','0.00'),(664,10,29,'0.00','0.00','0.00','0.00','0.00','0.00'),(665,10,30,'3963750.00','118613.00','3845137.00','0.00','0.00','3845137.00'),(666,10,31,'0.00','0.00','0.00','0.00','0.00','0.00'),(667,10,32,'0.00','0.00','0.00','0.00','0.00','0.00'),(668,10,33,'0.00','0.00','0.00','0.00','0.00','0.00'),(669,10,34,'0.00','0.00','0.00','0.00','0.00','0.00'),(670,10,35,'0.00','0.00','0.00','0.00','0.00','0.00'),(671,10,36,'0.00','0.00','0.00','0.00','0.00','0.00'),(672,10,37,'0.00','0.00','0.00','0.00','0.00','0.00'),(673,10,38,'0.00','0.00','0.00','0.00','0.00','0.00'),(674,10,39,'0.00','0.00','0.00','0.00','0.00','0.00'),(675,10,40,'0.00','0.00','0.00','0.00','0.00','0.00'),(676,10,41,'0.00','0.00','0.00','0.00','0.00','0.00'),(677,10,42,'0.00','0.00','0.00','0.00','0.00','0.00'),(678,10,43,'0.00','0.00','0.00','0.00','0.00','0.00'),(679,10,44,'0.00','0.00','0.00','0.00','0.00','0.00'),(680,10,45,'0.00','0.00','0.00','0.00','0.00','0.00'),(681,10,46,'0.00','0.00','0.00','0.00','0.00','0.00'),(682,10,47,'0.00','0.00','0.00','0.00','0.00','0.00'),(683,10,48,'0.00','0.00','0.00','0.00','0.00','0.00'),(684,10,49,'0.00','0.00','0.00','0.00','0.00','0.00'),(685,10,50,'0.00','0.00','0.00','0.00','0.00','0.00'),(686,10,51,'0.00','0.00','0.00','0.00','0.00','0.00'),(687,10,52,'0.00','0.00','0.00','0.00','0.00','0.00'),(688,10,53,'0.00','0.00','0.00','0.00','0.00','0.00'),(689,10,54,'0.00','0.00','0.00','0.00','0.00','0.00'),(690,10,55,'0.00','0.00','0.00','0.00','0.00','0.00'),(691,10,56,'0.00','0.00','0.00','0.00','0.00','0.00'),(692,10,57,'0.00','0.00','0.00','0.00','0.00','0.00'),(693,10,58,'0.00','0.00','0.00','0.00','0.00','0.00'),(694,10,59,'0.00','0.00','0.00','0.00','0.00','0.00'),(695,10,60,'0.00','0.00','0.00','0.00','0.00','0.00'),(696,10,61,'0.00','0.00','0.00','0.00','0.00','0.00'),(697,10,62,'0.00','0.00','0.00','0.00','0.00','0.00'),(698,10,63,'0.00','0.00','0.00','0.00','0.00','0.00'),(699,10,64,'0.00','0.00','0.00','0.00','0.00','0.00'),(700,10,65,'0.00','0.00','0.00','0.00','0.00','0.00'),(701,10,66,'0.00','0.00','0.00','0.00','0.00','0.00'),(702,10,67,'4433750.00','0.00','4433750.00','0.00','0.00','4433750.00');

/*Table structure for table `penggajian_karyawan_detail` */

DROP TABLE IF EXISTS `penggajian_karyawan_detail`;

CREATE TABLE `penggajian_karyawan_detail` (
  `id_pkd` int(11) NOT NULL AUTO_INCREMENT COMMENT 'ID. Penggajian Karyawan Detail',
  `id_pk` int(11) DEFAULT NULL COMMENT 'ID. Penggajian Karyawan',
  `id_komponen` int(11) DEFAULT NULL COMMENT 'ID. Komponen',
  `jumlah` smallint(6) DEFAULT '0' COMMENT 'Jumlah',
  `nominal` decimal(10,2) DEFAULT '0.00' COMMENT 'Nominal',
  `subtotal` decimal(10,2) DEFAULT '0.00' COMMENT 'Subtotal',
  PRIMARY KEY (`id_pkd`)
) ENGINE=InnoDB AUTO_INCREMENT=612 DEFAULT CHARSET=latin1;

/*Data for the table `penggajian_karyawan_detail` */

insert  into `penggajian_karyawan_detail`(`id_pkd`,`id_pk`,`id_komponen`,`jumlah`,`nominal`,`subtotal`) values (391,302,1,25,'30000.00','750000.00'),(392,303,1,22,'30000.00','660000.00'),(393,304,1,21,'30000.00','630000.00'),(394,305,1,24,'30000.00','720000.00'),(395,306,1,21,'30000.00','630000.00'),(396,307,1,21,'30000.00','630000.00'),(397,308,1,0,'30000.00','0.00'),(398,309,1,0,'30000.00','0.00'),(399,310,1,24,'30000.00','720000.00'),(400,311,1,0,'30000.00','0.00'),(401,312,1,0,'30000.00','0.00'),(402,313,1,0,'30000.00','0.00'),(403,314,1,0,'30000.00','0.00'),(404,315,1,25,'30000.00','750000.00'),(405,316,1,21,'30000.00','630000.00'),(406,317,1,0,'30000.00','0.00'),(407,318,1,24,'30000.00','720000.00'),(408,319,1,0,'30000.00','0.00'),(409,320,1,24,'30000.00','720000.00'),(410,321,1,20,'30000.00','600000.00'),(411,322,1,23,'30000.00','690000.00'),(412,323,1,0,'30000.00','0.00'),(413,324,1,26,'30000.00','780000.00'),(414,325,1,0,'30000.00','0.00'),(415,326,1,0,'30000.00','0.00'),(416,327,1,0,'30000.00','0.00'),(417,328,1,0,'30000.00','0.00'),(418,329,1,5,'30000.00','150000.00'),(419,330,1,23,'30000.00','690000.00'),(420,331,1,24,'30000.00','720000.00'),(421,332,1,0,'30000.00','0.00'),(422,333,1,17,'30000.00','510000.00'),(423,334,1,25,'30000.00','750000.00'),(424,335,1,0,'30000.00','0.00'),(425,336,1,0,'30000.00','0.00'),(426,337,1,0,'30000.00','0.00'),(427,338,1,0,'30000.00','0.00'),(428,339,1,23,'30000.00','690000.00'),(429,340,1,24,'30000.00','720000.00'),(430,341,1,0,'30000.00','0.00'),(431,342,1,24,'30000.00','720000.00'),(432,343,1,24,'30000.00','720000.00'),(433,344,1,22,'30000.00','660000.00'),(434,345,1,21,'30000.00','630000.00'),(435,346,1,23,'30000.00','690000.00'),(436,347,1,24,'30000.00','720000.00'),(437,348,1,22,'30000.00','660000.00'),(438,349,1,0,'30000.00','0.00'),(439,350,1,0,'30000.00','0.00'),(440,351,1,0,'30000.00','0.00'),(441,352,1,25,'30000.00','750000.00'),(442,353,1,24,'30000.00','720000.00'),(443,354,1,25,'30000.00','750000.00'),(444,355,1,23,'30000.00','690000.00'),(445,356,1,23,'30000.00','690000.00'),(446,357,1,24,'30000.00','720000.00'),(447,358,1,24,'30000.00','720000.00'),(448,359,1,22,'30000.00','660000.00'),(449,360,1,22,'30000.00','660000.00'),(450,361,1,23,'30000.00','690000.00'),(451,362,1,23,'30000.00','690000.00'),(452,363,1,24,'30000.00','720000.00'),(453,364,1,23,'30000.00','690000.00'),(454,365,1,24,'30000.00','720000.00'),(455,366,1,26,'30000.00','780000.00'),(456,367,1,24,'30000.00','720000.00'),(458,369,3,1,'1000000.00','1000000.00'),(459,369,4,1,'893000.00','893000.00'),(460,369,5,1,'2000.00','2000.00'),(461,369,6,1,'237035.00','237035.00'),(462,369,7,1,'55158.00','55158.00'),(464,382,4,1,'60000.00','60000.00'),(465,382,6,1,'118613.00','118613.00'),(466,382,7,1,'39538.00','39538.00'),(468,397,4,1,'240000.00','240000.00'),(469,397,5,1,'10000.00','10000.00'),(470,397,6,1,'118613.00','118613.00'),(472,434,4,1,'300000.00','300000.00'),(474,436,3,19,'1000000.00','19000000.00'),(475,436,4,19,'47000.00','893000.00'),(476,436,5,19,'2000.00','38000.00'),(477,436,6,19,'237035.00','4503665.00'),(478,436,7,19,'55158.00','1048002.00'),(480,449,4,0,'60000.00','0.00'),(481,449,6,0,'118613.00','0.00'),(482,449,7,0,'39538.00','0.00'),(483,449,3,0,'0.00','0.00'),(485,464,4,12,'240000.00','2880000.00'),(486,464,5,12,'10000.00','120000.00'),(487,464,6,12,'118613.00','1423356.00'),(488,464,3,12,'0.00','0.00'),(490,501,4,15,'300000.00','4500000.00'),(491,501,3,15,'0.00','0.00'),(493,503,3,1,'1000000.00','1000000.00'),(494,503,4,19,'47000.00','893000.00'),(495,503,5,1,'2000.00','2000.00'),(496,503,6,1,'237035.00','237035.00'),(497,503,7,1,'55158.00','55158.00'),(499,516,4,0,'60000.00','0.00'),(500,516,6,1,'118613.00','118613.00'),(501,516,7,1,'39538.00','39538.00'),(502,516,3,1,'0.00','0.00'),(504,531,4,12,'240000.00','2880000.00'),(505,531,5,1,'10000.00','10000.00'),(506,531,6,1,'118613.00','118613.00'),(507,531,3,1,'0.00','0.00'),(509,568,4,15,'300000.00','4500000.00'),(510,568,3,1,'0.00','0.00'),(511,570,2,1,'7000000.00','7000000.00'),(512,570,3,1,'1000000.00','1000000.00'),(513,570,4,19,'47000.00','893000.00'),(514,570,5,1,'2000.00','2000.00'),(515,570,6,1,'237035.00','237035.00'),(516,570,7,1,'55158.00','55158.00'),(517,583,2,1,'3953750.00','3953750.00'),(518,583,4,0,'20000.00','0.00'),(519,583,6,1,'118613.00','118613.00'),(520,583,7,1,'39538.00','39538.00'),(521,583,3,1,'0.00','0.00'),(522,598,2,1,'3953750.00','3953750.00'),(523,598,4,12,'20000.00','240000.00'),(524,598,5,1,'10000.00','10000.00'),(525,598,6,1,'118613.00','118613.00'),(526,598,3,1,'0.00','0.00'),(527,635,2,1,'3953750.00','3953750.00'),(528,635,4,15,'20000.00','300000.00'),(529,635,3,1,'0.00','0.00'),(530,636,1,0,'30000.00','0.00'),(531,637,2,1,'7000000.00','7000000.00'),(532,637,3,1,'1000000.00','1000000.00'),(533,637,4,0,'47000.00','0.00'),(534,637,5,1,'2000.00','2000.00'),(535,637,6,1,'237035.00','237035.00'),(536,637,7,1,'55158.00','55158.00'),(537,638,1,0,'30000.00','0.00'),(538,639,1,0,'30000.00','0.00'),(539,640,1,0,'30000.00','0.00'),(540,641,1,23,'30000.00','690000.00'),(541,642,1,24,'30000.00','720000.00'),(542,643,1,24,'30000.00','720000.00'),(543,644,1,0,'30000.00','0.00'),(544,645,1,23,'30000.00','690000.00'),(545,646,1,24,'30000.00','720000.00'),(546,647,1,9,'30000.00','270000.00'),(547,648,1,23,'30000.00','690000.00'),(548,649,1,23,'30000.00','690000.00'),(549,650,2,1,'3953750.00','3953750.00'),(550,650,4,23,'20000.00','460000.00'),(551,650,6,1,'118613.00','118613.00'),(552,650,7,1,'39538.00','39538.00'),(553,650,3,1,'0.00','0.00'),(554,651,1,0,'30000.00','0.00'),(555,652,1,0,'30000.00','0.00'),(556,653,1,0,'30000.00','0.00'),(557,654,1,0,'30000.00','0.00'),(558,655,1,0,'30000.00','0.00'),(559,656,1,0,'30000.00','0.00'),(560,657,1,0,'30000.00','0.00'),(561,658,1,0,'30000.00','0.00'),(562,659,1,0,'30000.00','0.00'),(563,660,1,0,'30000.00','0.00'),(564,661,1,0,'30000.00','0.00'),(565,662,1,0,'30000.00','0.00'),(566,663,1,0,'30000.00','0.00'),(567,664,1,0,'30000.00','0.00'),(568,665,2,1,'3953750.00','3953750.00'),(569,665,4,0,'20000.00','0.00'),(570,665,5,1,'10000.00','10000.00'),(571,665,6,1,'118613.00','118613.00'),(572,665,3,1,'0.00','0.00'),(573,666,1,0,'30000.00','0.00'),(574,667,1,0,'30000.00','0.00'),(575,668,1,0,'30000.00','0.00'),(576,669,1,0,'30000.00','0.00'),(577,670,1,0,'30000.00','0.00'),(578,671,1,0,'30000.00','0.00'),(579,672,1,0,'30000.00','0.00'),(580,673,1,0,'30000.00','0.00'),(581,674,1,0,'30000.00','0.00'),(582,675,1,0,'30000.00','0.00'),(583,676,1,0,'30000.00','0.00'),(584,677,1,0,'30000.00','0.00'),(585,678,1,0,'30000.00','0.00'),(586,679,1,0,'30000.00','0.00'),(587,680,1,0,'30000.00','0.00'),(588,681,1,0,'30000.00','0.00'),(589,682,1,0,'30000.00','0.00'),(590,683,1,0,'30000.00','0.00'),(591,684,1,0,'30000.00','0.00'),(592,685,1,0,'30000.00','0.00'),(593,686,1,0,'30000.00','0.00'),(594,687,1,0,'30000.00','0.00'),(595,688,1,0,'30000.00','0.00'),(596,689,1,0,'30000.00','0.00'),(597,690,1,0,'30000.00','0.00'),(598,691,1,0,'30000.00','0.00'),(599,692,1,0,'30000.00','0.00'),(600,693,1,0,'30000.00','0.00'),(601,694,1,0,'30000.00','0.00'),(602,695,1,0,'30000.00','0.00'),(603,696,1,0,'30000.00','0.00'),(604,697,1,0,'30000.00','0.00'),(605,698,1,0,'30000.00','0.00'),(606,699,1,0,'30000.00','0.00'),(607,700,1,0,'30000.00','0.00'),(608,701,1,0,'30000.00','0.00'),(609,702,2,1,'3953750.00','3953750.00'),(610,702,4,24,'20000.00','480000.00'),(611,702,3,1,'0.00','0.00');

/*Table structure for table `penggajian_komponen` */

DROP TABLE IF EXISTS `penggajian_komponen`;

CREATE TABLE `penggajian_komponen` (
  `id` int(11) NOT NULL AUTO_INCREMENT COMMENT 'ID. Detail',
  `id_penggajian` int(11) DEFAULT NULL COMMENT 'ID. Penggajian',
  `id_komponen` int(11) DEFAULT NULL COMMENT 'ID. Komponen',
  PRIMARY KEY (`id`)
) ENGINE=InnoDB AUTO_INCREMENT=93 DEFAULT CHARSET=latin1;

/*Data for the table `penggajian_komponen` */

insert  into `penggajian_komponen`(`id`,`id_penggajian`,`id_komponen`) values (79,8,1),(80,9,2),(81,9,3),(82,9,4),(83,9,5),(84,9,6),(85,9,7),(86,10,1),(87,10,2),(88,10,3),(89,10,4),(90,10,5),(91,10,6),(92,10,7);

/*Table structure for table `penghasilan` */

DROP TABLE IF EXISTS `penghasilan`;

CREATE TABLE `penghasilan` (
  `id_penghasilan` int(11) NOT NULL AUTO_INCREMENT COMMENT 'ID Penghasilan',
  `range_penghasilan` varchar(25) DEFAULT NULL COMMENT 'Range Penghasilan',
  PRIMARY KEY (`id_penghasilan`)
) ENGINE=InnoDB AUTO_INCREMENT=4 DEFAULT CHARSET=latin1;

/*Data for the table `penghasilan` */

insert  into `penghasilan`(`id_penghasilan`,`range_penghasilan`) values (1,'-'),(2,'0 - 5.000.000'),(3,'5.000.000 - 10.000.000');

/*Table structure for table `perusahaan` */

DROP TABLE IF EXISTS `perusahaan`;

CREATE TABLE `perusahaan` (
  `id` int(11) NOT NULL AUTO_INCREMENT COMMENT 'ID Perusahaan',
  `nm_pt` varchar(35) DEFAULT NULL COMMENT 'Nama Perusahaan',
  `alamat` tinytext COMMENT 'Alamat',
  `no_telp` varchar(35) DEFAULT NULL COMMENT 'No. Telp',
  `no_fax` varchar(35) DEFAULT NULL COMMENT 'No. Fax',
  `email` varchar(75) DEFAULT NULL COMMENT 'Email',
  PRIMARY KEY (`id`)
) ENGINE=InnoDB AUTO_INCREMENT=2 DEFAULT CHARSET=latin1;

/*Data for the table `perusahaan` */

insert  into `perusahaan`(`id`,`nm_pt`,`alamat`,`no_telp`,`no_fax`,`email`) values (1,'PT. Matsumoto Industries Indonesia','Jl. Surya Kencana Kw. Industri Surya Cipta\r\nKutanegara, Ciampel, Kabupaten Karawang, Jawa Barat 41363',NULL,NULL,NULL);

/*Table structure for table `quota_cuti` */

DROP TABLE IF EXISTS `quota_cuti`;

CREATE TABLE `quota_cuti` (
  `id_quota` int(11) NOT NULL AUTO_INCREMENT COMMENT 'ID Quota',
  `tahun` varchar(4) DEFAULT NULL COMMENT 'Tahun',
  `jml` tinyint(4) DEFAULT NULL COMMENT 'Jumlah Quota',
  PRIMARY KEY (`id_quota`)
) ENGINE=InnoDB AUTO_INCREMENT=3 DEFAULT CHARSET=latin1;

/*Data for the table `quota_cuti` */

insert  into `quota_cuti`(`id_quota`,`tahun`,`jml`) values (1,'2017',12),(2,'2018',12);

/*Table structure for table `riwayat_pendidikan` */

DROP TABLE IF EXISTS `riwayat_pendidikan`;

CREATE TABLE `riwayat_pendidikan` (
  `id_rp` int(11) NOT NULL AUTO_INCREMENT COMMENT 'ID. Riwayat Pendidikan',
  `id_karyawan` int(11) DEFAULT NULL COMMENT 'ID. Karyawan',
  `id_pendidikan` int(11) DEFAULT NULL COMMENT 'ID. Pendidikan',
  `id_tmpt_pendidikan` int(11) DEFAULT NULL COMMENT 'ID. Tempat Pendidikan',
  `thn_lulus` varchar(4) DEFAULT NULL COMMENT 'Tahun Lulus',
  PRIMARY KEY (`id_rp`)
) ENGINE=InnoDB AUTO_INCREMENT=2 DEFAULT CHARSET=latin1;

/*Data for the table `riwayat_pendidikan` */

insert  into `riwayat_pendidikan`(`id_rp`,`id_karyawan`,`id_pendidikan`,`id_tmpt_pendidikan`,`thn_lulus`) values (1,2,1,1,'1998');

/*Table structure for table `shift` */

DROP TABLE IF EXISTS `shift`;

CREATE TABLE `shift` (
  `id_shift` int(11) NOT NULL AUTO_INCREMENT COMMENT 'ID Shift',
  `id_karyawan` int(11) DEFAULT NULL COMMENT 'Karyawan',
  `tgl` date DEFAULT NULL COMMENT 'Tgl. Shift',
  `id_tipe_shift` int(11) DEFAULT NULL COMMENT 'Tipe Shift',
  `jam_mulai` time DEFAULT NULL COMMENT 'Jam Mulai',
  `jam_berakhir` time DEFAULT NULL COMMENT 'Jam Berakhir',
  PRIMARY KEY (`id_shift`)
) ENGINE=InnoDB DEFAULT CHARSET=latin1;

/*Data for the table `shift` */

/*Table structure for table `sys_user` */

DROP TABLE IF EXISTS `sys_user`;

CREATE TABLE `sys_user` (
  `id` int(11) NOT NULL AUTO_INCREMENT COMMENT 'ID',
  `number_id` varchar(255) DEFAULT NULL,
  `user_name` varchar(255) DEFAULT NULL,
  `user_pass` varchar(255) DEFAULT NULL,
  `auth_key` varchar(255) DEFAULT NULL,
  `auth_token` varchar(255) DEFAULT NULL,
  `pass_reset` varchar(255) DEFAULT NULL,
  `pass_generated` varchar(255) DEFAULT NULL,
  `tipe_user` enum('Karyawan','Admin') DEFAULT 'Karyawan',
  PRIMARY KEY (`id`)
) ENGINE=InnoDB AUTO_INCREMENT=132 DEFAULT CHARSET=latin1;

/*Data for the table `sys_user` */

insert  into `sys_user`(`id`,`number_id`,`user_name`,`user_pass`,`auth_key`,`auth_token`,`pass_reset`,`pass_generated`,`tipe_user`) values (131,NULL,'admin','21232f297a57a5a743894a0e4a801fc3',NULL,NULL,NULL,NULL,'Admin');

/*Table structure for table `tempat_pendidikan` */

DROP TABLE IF EXISTS `tempat_pendidikan`;

CREATE TABLE `tempat_pendidikan` (
  `id_tp` int(11) NOT NULL AUTO_INCREMENT COMMENT 'ID. Tempat Pendidikan',
  `nm_tmpt` varchar(35) DEFAULT NULL COMMENT 'Nama Tempat Pendidikan',
  `alamat` tinytext COMMENT 'Alamat',
  `no_telp` varchar(22) DEFAULT NULL COMMENT 'No. Telp',
  `no_fax` varchar(22) DEFAULT NULL COMMENT 'No. Fax',
  `email` varchar(35) DEFAULT NULL COMMENT 'Email',
  PRIMARY KEY (`id_tp`)
) ENGINE=InnoDB AUTO_INCREMENT=3 DEFAULT CHARSET=latin1;

/*Data for the table `tempat_pendidikan` */

insert  into `tempat_pendidikan`(`id_tp`,`nm_tmpt`,`alamat`,`no_telp`,`no_fax`,`email`) values (1,'SDN Contoh 1','','','',''),(2,'SDN Contoh 2','','','','');

/*Table structure for table `tipe_absensi` */

DROP TABLE IF EXISTS `tipe_absensi`;

CREATE TABLE `tipe_absensi` (
  `id_tipe_absensi` int(11) NOT NULL AUTO_INCREMENT COMMENT 'ID. Tipe Absensi',
  `nm_tipe_absensi` varchar(35) DEFAULT NULL COMMENT 'Nama Tipe Absensi',
  PRIMARY KEY (`id_tipe_absensi`)
) ENGINE=InnoDB AUTO_INCREMENT=9 DEFAULT CHARSET=latin1;

/*Data for the table `tipe_absensi` */

insert  into `tipe_absensi`(`id_tipe_absensi`,`nm_tipe_absensi`) values (1,'Libur'),(2,'Sakit'),(3,'Ijin'),(4,'Alpa'),(5,'Cuti'),(6,'Pulang Awal'),(7,'Ijin Khusus'),(8,'Terlambat');

/*Table structure for table `tipe_cuti` */

DROP TABLE IF EXISTS `tipe_cuti`;

CREATE TABLE `tipe_cuti` (
  `id_tipe_cuti` int(11) NOT NULL AUTO_INCREMENT COMMENT 'ID. Tipe Cuti',
  `nm_tipe_cuti` varchar(35) DEFAULT NULL COMMENT 'Nama Tipe Cuti',
  `jatah_cuti` smallint(6) DEFAULT NULL COMMENT 'Jatah Cuti',
  PRIMARY KEY (`id_tipe_cuti`)
) ENGINE=InnoDB DEFAULT CHARSET=latin1;

/*Data for the table `tipe_cuti` */

/*Table structure for table `tipe_shift` */

DROP TABLE IF EXISTS `tipe_shift`;

CREATE TABLE `tipe_shift` (
  `id_tipe_shift` int(10) NOT NULL AUTO_INCREMENT COMMENT 'ID. Tipe Shift',
  `nm_shift` varchar(35) DEFAULT NULL COMMENT 'Nama Shift',
  `nominal` decimal(10,0) DEFAULT NULL COMMENT 'Nominal',
  `jam_mulai` time DEFAULT NULL COMMENT 'Jam Mulai',
  `jam_berakhir` time DEFAULT NULL COMMENT 'Jam Berakhir',
  PRIMARY KEY (`id_tipe_shift`)
) ENGINE=InnoDB DEFAULT CHARSET=latin1;

/*Data for the table `tipe_shift` */

/*Table structure for table `toleransi_absensi` */

DROP TABLE IF EXISTS `toleransi_absensi`;

CREATE TABLE `toleransi_absensi` (
  `id_tolernasi` int(11) NOT NULL AUTO_INCREMENT COMMENT 'ID Toleransi',
  `id_tipe_absensi` int(11) DEFAULT NULL COMMENT 'ID Jenis Absensi',
  `tahun` varchar(4) DEFAULT NULL COMMENT 'Tahun',
  `jml` tinyint(4) DEFAULT NULL COMMENT 'Jml Toleransi',
  PRIMARY KEY (`id_tolernasi`)
) ENGINE=InnoDB AUTO_INCREMENT=6 DEFAULT CHARSET=latin1;

/*Data for the table `toleransi_absensi` */

insert  into `toleransi_absensi`(`id_tolernasi`,`id_tipe_absensi`,`tahun`,`jml`) values (1,2,'2017',6),(2,3,'2017',3),(3,4,'2017',0),(4,6,'2017',6),(5,8,'2017',4);

/*Table structure for table `userinfo` */

DROP TABLE IF EXISTS `userinfo`;

CREATE TABLE `userinfo` (
  `USERID` int(10) NOT NULL AUTO_INCREMENT,
  `Badgenumber` varchar(24) DEFAULT NULL,
  `SSN` varchar(20) DEFAULT NULL,
  `Name` varchar(40) DEFAULT NULL,
  `Gender` varchar(8) DEFAULT NULL,
  `TITLE` varchar(20) DEFAULT NULL,
  `BIRTHDAY` timestamp(6) NULL DEFAULT NULL,
  `HIREDDAY` timestamp(6) NULL DEFAULT NULL,
  `OPHONE` varchar(20) DEFAULT NULL,
  `DEFAULTDEPTID` smallint(5) DEFAULT NULL,
  `ATT` smallint(5) DEFAULT NULL,
  `INLATE` smallint(5) DEFAULT NULL,
  `OUTEARLY` smallint(5) DEFAULT NULL,
  `OVERTIME` smallint(5) DEFAULT NULL,
  `SEP` smallint(5) DEFAULT NULL,
  `HOLIDAY` smallint(5) DEFAULT NULL,
  `privilege` int(10) DEFAULT NULL,
  `InheritDeptSch` smallint(5) DEFAULT NULL,
  `InheritDeptSchClass` smallint(5) DEFAULT NULL,
  `AutoSchPlan` smallint(5) DEFAULT NULL,
  `MinAutoSchInterval` int(10) DEFAULT NULL,
  `RegisterOT` smallint(5) DEFAULT NULL,
  `InheritDeptRule` smallint(5) DEFAULT NULL,
  `EMPRIVILEGE` smallint(5) DEFAULT NULL,
  `Pin1` int(10) DEFAULT NULL,
  UNIQUE KEY `USERIDS` (`USERID`),
  UNIQUE KEY `BADGENUMBER` (`Badgenumber`)
) ENGINE=InnoDB DEFAULT CHARSET=utf8;

/*Data for the table `userinfo` */

/*Table structure for table `v_karyawan` */

DROP TABLE IF EXISTS `v_karyawan`;

/*!50001 DROP VIEW IF EXISTS `v_karyawan` */;
/*!50001 DROP TABLE IF EXISTS `v_karyawan` */;

/*!50001 CREATE TABLE  `v_karyawan`(
 `id_karyawan` int(11) ,
 `nik` varchar(8) ,
 `id_status` int(11) ,
 `id_perusahaan` int(11) ,
 `id_jabatan` int(11) ,
 `tgl_bergabung` date ,
 `nm_jabatan` varchar(35) ,
 `nama` varchar(35) ,
 `nm_pt` varchar(35) 
)*/;

/*Table structure for table `v_karyawan_atasan` */

DROP TABLE IF EXISTS `v_karyawan_atasan`;

/*!50001 DROP VIEW IF EXISTS `v_karyawan_atasan` */;
/*!50001 DROP TABLE IF EXISTS `v_karyawan_atasan` */;

/*!50001 CREATE TABLE  `v_karyawan_atasan`(
 `id_atasan` int(11) ,
 `id_karyawan_atasan` int(11) ,
 `id_karyawan` int(11) ,
 `nama` varchar(35) 
)*/;

/*Table structure for table `v_karyawan_dept` */

DROP TABLE IF EXISTS `v_karyawan_dept`;

/*!50001 DROP VIEW IF EXISTS `v_karyawan_dept` */;
/*!50001 DROP TABLE IF EXISTS `v_karyawan_dept` */;

/*!50001 CREATE TABLE  `v_karyawan_dept`(
 `id_relasi` int(11) ,
 `id_karyawan` int(11) ,
 `id_dept` int(11) ,
 `singkatan` varchar(6) ,
 `nm_dept` varchar(25) 
)*/;

/*Table structure for table `v_karyawan_finger` */

DROP TABLE IF EXISTS `v_karyawan_finger`;

/*!50001 DROP VIEW IF EXISTS `v_karyawan_finger` */;
/*!50001 DROP TABLE IF EXISTS `v_karyawan_finger` */;

/*!50001 CREATE TABLE  `v_karyawan_finger`(
 `id_kfi` int(11) ,
 `log_finger_id` varchar(15) ,
 `id_karyawan` int(11) ,
 `nama` varchar(35) 
)*/;

/*Table structure for table `v_karyawan_identitas` */

DROP TABLE IF EXISTS `v_karyawan_identitas`;

/*!50001 DROP VIEW IF EXISTS `v_karyawan_identitas` */;
/*!50001 DROP TABLE IF EXISTS `v_karyawan_identitas` */;

/*!50001 CREATE TABLE  `v_karyawan_identitas`(
 `id_identitas` int(11) ,
 `id_karyawan` int(11) ,
 `no_identitas` varchar(45) ,
 `id_jenis_identitas` int(11) ,
 `nm_jenis_identitas` varchar(25) 
)*/;

/*Table structure for table `v_karyawan_inventaris` */

DROP TABLE IF EXISTS `v_karyawan_inventaris`;

/*!50001 DROP VIEW IF EXISTS `v_karyawan_inventaris` */;
/*!50001 DROP TABLE IF EXISTS `v_karyawan_inventaris` */;

/*!50001 CREATE TABLE  `v_karyawan_inventaris`(
 `id_inventaris` int(11) ,
 `id_karyawan` int(11) ,
 `tgl_inventaris` date ,
 `tgl_terima` date ,
 `tgl_kembali` date ,
 `id_barang_inventaris` int(11) ,
 `jml` int(11) ,
 `ket` text ,
 `nm_barang` varchar(25) 
)*/;

/*Table structure for table `v_karyawan_karir` */

DROP TABLE IF EXISTS `v_karyawan_karir`;

/*!50001 DROP VIEW IF EXISTS `v_karyawan_karir` */;
/*!50001 DROP TABLE IF EXISTS `v_karyawan_karir` */;

/*!50001 CREATE TABLE  `v_karyawan_karir`(
 `id_karir` int(11) ,
 `id_karyawan` int(11) ,
 `tgl` date ,
 `jenis` enum('Promosi','Demosi') ,
 `id_jabatan` int(11) ,
 `nm_jabatan` varchar(35) ,
 `tgl_berlaku` date 
)*/;

/*Table structure for table `v_karyawan_keluarga` */

DROP TABLE IF EXISTS `v_karyawan_keluarga`;

/*!50001 DROP VIEW IF EXISTS `v_karyawan_keluarga` */;
/*!50001 DROP TABLE IF EXISTS `v_karyawan_keluarga` */;

/*!50001 CREATE TABLE  `v_karyawan_keluarga`(
 `id_keluarga` int(11) ,
 `id_karyawan` int(11) ,
 `id_hub_keluarga` int(11) ,
 `nm_hub_keluarga` varchar(25) ,
 `nama` varchar(35) ,
 `tgl_lahir` date ,
 `tmp_lahir` varchar(25) ,
 `jk` enum('Male','Female') ,
 `alamat` text ,
 `no_telp` varchar(32) ,
 `email` varchar(35) ,
 `id_pendidikan` int(11) ,
 `nm_pendidikan` varchar(35) ,
 `id_pekerjaan` int(11) ,
 `range_penghasilan` varchar(25) ,
 `id_penghasilan` int(11) ,
 `nm_pekerjaan` varchar(25) 
)*/;

/*Table structure for table `v_karyawan_rekening` */

DROP TABLE IF EXISTS `v_karyawan_rekening`;

/*!50001 DROP VIEW IF EXISTS `v_karyawan_rekening` */;
/*!50001 DROP TABLE IF EXISTS `v_karyawan_rekening` */;

/*!50001 CREATE TABLE  `v_karyawan_rekening`(
 `id_rekening` int(11) ,
 `id_karyawan` int(11) ,
 `id_bank` int(11) ,
 `nm_bank` varchar(15) ,
 `deskripsi` varchar(35) ,
 `no_rek` varchar(35) ,
 `nm_pemilik_rek` varchar(35) 
)*/;

/*Table structure for table `v_karyawan_sanksi` */

DROP TABLE IF EXISTS `v_karyawan_sanksi`;

/*!50001 DROP VIEW IF EXISTS `v_karyawan_sanksi` */;
/*!50001 DROP TABLE IF EXISTS `v_karyawan_sanksi` */;

/*!50001 CREATE TABLE  `v_karyawan_sanksi`(
 `id_sanksi` int(11) ,
 `id_karyawan` int(11) ,
 `id_jenis_sanksi` int(11) ,
 `nm_jenis_sanksi` varchar(25) ,
 `tgl_sanksi` date ,
 `tgl_berlaku` date ,
 `tgl_berakhir` date 
)*/;

/*Table structure for table `v_karyawan_status` */

DROP TABLE IF EXISTS `v_karyawan_status`;

/*!50001 DROP VIEW IF EXISTS `v_karyawan_status` */;
/*!50001 DROP TABLE IF EXISTS `v_karyawan_status` */;

/*!50001 CREATE TABLE  `v_karyawan_status`(
 `id_status_karyawan` int(11) ,
 `id_status` int(11) ,
 `nm_status` varchar(35) ,
 `id_karyawan` int(11) ,
 `nama` varchar(35) ,
 `tgl_status` date ,
 `tgl_berlaku` date ,
 `tgl_berakhir` date 
)*/;

/*Table structure for table `v_komponen_gaji` */

DROP TABLE IF EXISTS `v_komponen_gaji`;

/*!50001 DROP VIEW IF EXISTS `v_komponen_gaji` */;
/*!50001 DROP TABLE IF EXISTS `v_komponen_gaji` */;

/*!50001 CREATE TABLE  `v_komponen_gaji`(
 `id_karyawan` int(11) ,
 `nik` varchar(8) ,
 `id_kgk` int(11) ,
 `nominal` decimal(10,2) ,
 `id_komponen` int(11) ,
 `nm_komponen` varchar(35) ,
 `kategori_komponen` enum('Pendapatan','Potongan','Gaji Pokok') 
)*/;

/*Table structure for table `v_penggajian_karyawan` */

DROP TABLE IF EXISTS `v_penggajian_karyawan`;

/*!50001 DROP VIEW IF EXISTS `v_penggajian_karyawan` */;
/*!50001 DROP TABLE IF EXISTS `v_penggajian_karyawan` */;

/*!50001 CREATE TABLE  `v_penggajian_karyawan`(
 `id_pk` int(11) ,
 `id_penggajian` int(11) ,
 `id_karyawan` int(11) ,
 `pendapatan` decimal(10,2) ,
 `potongan` decimal(10,2) ,
 `subtotal` decimal(10,2) ,
 `bonus` decimal(10,2) ,
 `pajak` decimal(10,2) ,
 `thp` decimal(10,2) ,
 `nm_jabatan` varchar(35) 
)*/;

/*Table structure for table `v_riwayat_pendidikan` */

DROP TABLE IF EXISTS `v_riwayat_pendidikan`;

/*!50001 DROP VIEW IF EXISTS `v_riwayat_pendidikan` */;
/*!50001 DROP TABLE IF EXISTS `v_riwayat_pendidikan` */;

/*!50001 CREATE TABLE  `v_riwayat_pendidikan`(
 `id_rp` int(11) ,
 `id_karyawan` int(11) ,
 `nama` varchar(35) ,
 `id_pendidikan` int(11) ,
 `nm_pendidikan` varchar(35) ,
 `id_tmpt_pendidikan` int(11) ,
 `nm_tmpt` varchar(35) ,
 `thn_lulus` varchar(4) 
)*/;

/*View structure for view v_karyawan */

/*!50001 DROP TABLE IF EXISTS `v_karyawan` */;
/*!50001 DROP VIEW IF EXISTS `v_karyawan` */;

/*!50001 CREATE ALGORITHM=TEMPTABLE DEFINER=`root`@`localhost` SQL SECURITY DEFINER VIEW `v_karyawan` AS select `karyawan`.`id_karyawan` AS `id_karyawan`,`karyawan`.`nik` AS `nik`,`karyawan`.`id_status` AS `id_status`,`karyawan`.`id_perusahaan` AS `id_perusahaan`,`karyawan`.`id_jabatan` AS `id_jabatan`,`karyawan`.`tgl_bergabung` AS `tgl_bergabung`,`jabatan`.`nm_jabatan` AS `nm_jabatan`,`informasi_pribadi`.`nama` AS `nama`,`perusahaan`.`nm_pt` AS `nm_pt` from (((`jabatan` join `karyawan` on((`jabatan`.`id` = `karyawan`.`id_jabatan`))) join `informasi_pribadi` on((`informasi_pribadi`.`id_karyawan` = `karyawan`.`id_karyawan`))) join `perusahaan` on((`perusahaan`.`id` = `karyawan`.`id_perusahaan`))) */;

/*View structure for view v_karyawan_atasan */

/*!50001 DROP TABLE IF EXISTS `v_karyawan_atasan` */;
/*!50001 DROP VIEW IF EXISTS `v_karyawan_atasan` */;

/*!50001 CREATE ALGORITHM=UNDEFINED DEFINER=`root`@`localhost` SQL SECURITY DEFINER VIEW `v_karyawan_atasan` AS select `karyawan_atasan`.`id_atasan` AS `id_atasan`,`karyawan_atasan`.`id_karyawan_atasan` AS `id_karyawan_atasan`,`karyawan_atasan`.`id_karyawan` AS `id_karyawan`,`informasi_pribadi`.`nama` AS `nama` from (`informasi_pribadi` join `karyawan_atasan` on((`informasi_pribadi`.`id_karyawan` = `karyawan_atasan`.`id_karyawan_atasan`))) */;

/*View structure for view v_karyawan_dept */

/*!50001 DROP TABLE IF EXISTS `v_karyawan_dept` */;
/*!50001 DROP VIEW IF EXISTS `v_karyawan_dept` */;

/*!50001 CREATE ALGORITHM=UNDEFINED DEFINER=`root`@`localhost` SQL SECURITY DEFINER VIEW `v_karyawan_dept` AS select `karyawan_dept`.`id_relasi` AS `id_relasi`,`karyawan_dept`.`id_karyawan` AS `id_karyawan`,`karyawan_dept`.`id_dept` AS `id_dept`,`dept`.`singkatan` AS `singkatan`,`dept`.`nm_dept` AS `nm_dept` from (`dept` join `karyawan_dept` on((`dept`.`id_dept` = `karyawan_dept`.`id_dept`))) */;

/*View structure for view v_karyawan_finger */

/*!50001 DROP TABLE IF EXISTS `v_karyawan_finger` */;
/*!50001 DROP VIEW IF EXISTS `v_karyawan_finger` */;

/*!50001 CREATE ALGORITHM=TEMPTABLE DEFINER=`root`@`localhost` SQL SECURITY DEFINER VIEW `v_karyawan_finger` AS select `karyawan_finger_id`.`id_kfi` AS `id_kfi`,`karyawan_finger_id`.`log_finger_id` AS `log_finger_id`,`karyawan_finger_id`.`id_karyawan` AS `id_karyawan`,`informasi_pribadi`.`nama` AS `nama` from (`informasi_pribadi` join `karyawan_finger_id` on((`informasi_pribadi`.`id_karyawan` = `karyawan_finger_id`.`id_karyawan`))) */;

/*View structure for view v_karyawan_identitas */

/*!50001 DROP TABLE IF EXISTS `v_karyawan_identitas` */;
/*!50001 DROP VIEW IF EXISTS `v_karyawan_identitas` */;

/*!50001 CREATE ALGORITHM=UNDEFINED DEFINER=`root`@`localhost` SQL SECURITY DEFINER VIEW `v_karyawan_identitas` AS select `karyawan_identitas`.`id_identitas` AS `id_identitas`,`karyawan_identitas`.`id_karyawan` AS `id_karyawan`,`karyawan_identitas`.`no_identitas` AS `no_identitas`,`karyawan_identitas`.`id_jenis_identitas` AS `id_jenis_identitas`,`jenis_identitas`.`nm_jenis_identitas` AS `nm_jenis_identitas` from (`jenis_identitas` join `karyawan_identitas` on((`jenis_identitas`.`id_jenis_identitas` = `karyawan_identitas`.`id_jenis_identitas`))) */;

/*View structure for view v_karyawan_inventaris */

/*!50001 DROP TABLE IF EXISTS `v_karyawan_inventaris` */;
/*!50001 DROP VIEW IF EXISTS `v_karyawan_inventaris` */;

/*!50001 CREATE ALGORITHM=UNDEFINED DEFINER=`root`@`localhost` SQL SECURITY DEFINER VIEW `v_karyawan_inventaris` AS select `karyawan_inventaris`.`id_inventaris` AS `id_inventaris`,`karyawan_inventaris`.`id_karyawan` AS `id_karyawan`,`karyawan_inventaris`.`tgl_inventaris` AS `tgl_inventaris`,`karyawan_inventaris`.`tgl_terima` AS `tgl_terima`,`karyawan_inventaris`.`tgl_kembali` AS `tgl_kembali`,`karyawan_inventaris`.`id_barang_inventaris` AS `id_barang_inventaris`,`karyawan_inventaris`.`jml` AS `jml`,`karyawan_inventaris`.`ket` AS `ket`,`barang_inventaris`.`nm_barang` AS `nm_barang` from (`barang_inventaris` join `karyawan_inventaris` on((`barang_inventaris`.`id_barang_inventaris` = `karyawan_inventaris`.`id_barang_inventaris`))) */;

/*View structure for view v_karyawan_karir */

/*!50001 DROP TABLE IF EXISTS `v_karyawan_karir` */;
/*!50001 DROP VIEW IF EXISTS `v_karyawan_karir` */;

/*!50001 CREATE ALGORITHM=UNDEFINED DEFINER=`root`@`localhost` SQL SECURITY DEFINER VIEW `v_karyawan_karir` AS select `karyawan_karir`.`id_karir` AS `id_karir`,`karyawan_karir`.`id_karyawan` AS `id_karyawan`,`karyawan_karir`.`tgl` AS `tgl`,`karyawan_karir`.`jenis` AS `jenis`,`karyawan_karir`.`id_jabatan` AS `id_jabatan`,`jabatan`.`nm_jabatan` AS `nm_jabatan`,`karyawan_karir`.`tgl_berlaku` AS `tgl_berlaku` from (`jabatan` join `karyawan_karir` on((`jabatan`.`id` = `karyawan_karir`.`id_jabatan`))) */;

/*View structure for view v_karyawan_keluarga */

/*!50001 DROP TABLE IF EXISTS `v_karyawan_keluarga` */;
/*!50001 DROP VIEW IF EXISTS `v_karyawan_keluarga` */;

/*!50001 CREATE ALGORITHM=UNDEFINED DEFINER=`root`@`localhost` SQL SECURITY DEFINER VIEW `v_karyawan_keluarga` AS select `karyawan_keluarga`.`id_keluarga` AS `id_keluarga`,`karyawan_keluarga`.`id_karyawan` AS `id_karyawan`,`karyawan_keluarga`.`id_hub_keluarga` AS `id_hub_keluarga`,`hubungan_keluarga`.`nm_hub_keluarga` AS `nm_hub_keluarga`,`karyawan_keluarga`.`nama` AS `nama`,`karyawan_keluarga`.`tgl_lahir` AS `tgl_lahir`,`karyawan_keluarga`.`tmp_lahir` AS `tmp_lahir`,`karyawan_keluarga`.`jk` AS `jk`,`karyawan_keluarga`.`alamat` AS `alamat`,`karyawan_keluarga`.`no_telp` AS `no_telp`,`karyawan_keluarga`.`email` AS `email`,`karyawan_keluarga`.`id_pendidikan` AS `id_pendidikan`,`pendidikan`.`nm_pendidikan` AS `nm_pendidikan`,`karyawan_keluarga`.`id_pekerjaan` AS `id_pekerjaan`,`penghasilan`.`range_penghasilan` AS `range_penghasilan`,`karyawan_keluarga`.`id_penghasilan` AS `id_penghasilan`,`pekerjaan`.`nm_pekerjaan` AS `nm_pekerjaan` from ((((`hubungan_keluarga` join `karyawan_keluarga` on((`hubungan_keluarga`.`id_hub_keluarga` = `karyawan_keluarga`.`id_hub_keluarga`))) join `penghasilan` on((`penghasilan`.`id_penghasilan` = `karyawan_keluarga`.`id_penghasilan`))) join `pekerjaan` on((`pekerjaan`.`id_pekerjaan` = `karyawan_keluarga`.`id_pekerjaan`))) join `pendidikan` on((`pendidikan`.`id_pendidikan` = `karyawan_keluarga`.`id_pendidikan`))) */;

/*View structure for view v_karyawan_rekening */

/*!50001 DROP TABLE IF EXISTS `v_karyawan_rekening` */;
/*!50001 DROP VIEW IF EXISTS `v_karyawan_rekening` */;

/*!50001 CREATE ALGORITHM=UNDEFINED DEFINER=`root`@`localhost` SQL SECURITY DEFINER VIEW `v_karyawan_rekening` AS select `karyawan_rekening`.`id_rekening` AS `id_rekening`,`karyawan_rekening`.`id_karyawan` AS `id_karyawan`,`karyawan_rekening`.`id_bank` AS `id_bank`,`bank`.`nm_bank` AS `nm_bank`,`bank`.`deskripsi` AS `deskripsi`,`karyawan_rekening`.`no_rek` AS `no_rek`,`karyawan_rekening`.`nm_pemilik_rek` AS `nm_pemilik_rek` from (`bank` join `karyawan_rekening` on((`bank`.`id_bank` = `karyawan_rekening`.`id_bank`))) */;

/*View structure for view v_karyawan_sanksi */

/*!50001 DROP TABLE IF EXISTS `v_karyawan_sanksi` */;
/*!50001 DROP VIEW IF EXISTS `v_karyawan_sanksi` */;

/*!50001 CREATE ALGORITHM=UNDEFINED DEFINER=`root`@`localhost` SQL SECURITY DEFINER VIEW `v_karyawan_sanksi` AS select `karyawan_sanksi`.`id_sanksi` AS `id_sanksi`,`karyawan_sanksi`.`id_karyawan` AS `id_karyawan`,`karyawan_sanksi`.`id_jenis_sanksi` AS `id_jenis_sanksi`,`jenis_sanksi`.`nm_jenis_sanksi` AS `nm_jenis_sanksi`,`karyawan_sanksi`.`tgl_sanksi` AS `tgl_sanksi`,`karyawan_sanksi`.`tgl_berlaku` AS `tgl_berlaku`,`karyawan_sanksi`.`tgl_berakhir` AS `tgl_berakhir` from (`jenis_sanksi` join `karyawan_sanksi` on((`jenis_sanksi`.`id_jenis_sanksi` = `karyawan_sanksi`.`id_jenis_sanksi`))) */;

/*View structure for view v_karyawan_status */

/*!50001 DROP TABLE IF EXISTS `v_karyawan_status` */;
/*!50001 DROP VIEW IF EXISTS `v_karyawan_status` */;

/*!50001 CREATE ALGORITHM=UNDEFINED DEFINER=`root`@`localhost` SQL SECURITY DEFINER VIEW `v_karyawan_status` AS select `karyawan_status`.`id_status_karyawan` AS `id_status_karyawan`,`karyawan_status`.`id_status` AS `id_status`,`m_status`.`nm_status` AS `nm_status`,`karyawan_status`.`id_karyawan` AS `id_karyawan`,`informasi_pribadi`.`nama` AS `nama`,`karyawan_status`.`tgl_status` AS `tgl_status`,`karyawan_status`.`tgl_berlaku` AS `tgl_berlaku`,`karyawan_status`.`tgl_berakhir` AS `tgl_berakhir` from ((`informasi_pribadi` join `karyawan_status` on((`informasi_pribadi`.`id_karyawan` = `karyawan_status`.`id_karyawan`))) join `m_status` on((`m_status`.`id_status` = `karyawan_status`.`id_status`))) */;

/*View structure for view v_komponen_gaji */

/*!50001 DROP TABLE IF EXISTS `v_komponen_gaji` */;
/*!50001 DROP VIEW IF EXISTS `v_komponen_gaji` */;

/*!50001 CREATE ALGORITHM=UNDEFINED DEFINER=`root`@`localhost` SQL SECURITY DEFINER VIEW `v_komponen_gaji` AS select `karyawan`.`id_karyawan` AS `id_karyawan`,`karyawan`.`nik` AS `nik`,`komponen_gaji_karyawan`.`id_kgk` AS `id_kgk`,`komponen_gaji_karyawan`.`nominal` AS `nominal`,`komponen_gaji`.`id_komponen` AS `id_komponen`,`komponen_gaji`.`nm_komponen` AS `nm_komponen`,`komponen_gaji`.`kategori_komponen` AS `kategori_komponen` from ((`karyawan` join `komponen_gaji_karyawan` on((`karyawan`.`id_karyawan` = `komponen_gaji_karyawan`.`id_karyawan`))) join `komponen_gaji` on((`komponen_gaji`.`id_komponen` = `komponen_gaji_karyawan`.`id_komponen`))) */;

/*View structure for view v_penggajian_karyawan */

/*!50001 DROP TABLE IF EXISTS `v_penggajian_karyawan` */;
/*!50001 DROP VIEW IF EXISTS `v_penggajian_karyawan` */;

/*!50001 CREATE ALGORITHM=UNDEFINED DEFINER=`root`@`localhost` SQL SECURITY DEFINER VIEW `v_penggajian_karyawan` AS select `penggajian_karyawan`.`id_pk` AS `id_pk`,`penggajian_karyawan`.`id_penggajian` AS `id_penggajian`,`penggajian_karyawan`.`id_karyawan` AS `id_karyawan`,`penggajian_karyawan`.`pendapatan` AS `pendapatan`,`penggajian_karyawan`.`potongan` AS `potongan`,`penggajian_karyawan`.`subtotal` AS `subtotal`,`penggajian_karyawan`.`bonus` AS `bonus`,`penggajian_karyawan`.`pajak` AS `pajak`,`penggajian_karyawan`.`thp` AS `thp`,`jabatan`.`nm_jabatan` AS `nm_jabatan` from ((`karyawan` join `penggajian_karyawan` on((`karyawan`.`id_karyawan` = `penggajian_karyawan`.`id_karyawan`))) join `jabatan` on((`jabatan`.`id` = `karyawan`.`id_jabatan`))) */;

/*View structure for view v_riwayat_pendidikan */

/*!50001 DROP TABLE IF EXISTS `v_riwayat_pendidikan` */;
/*!50001 DROP VIEW IF EXISTS `v_riwayat_pendidikan` */;

/*!50001 CREATE ALGORITHM=UNDEFINED DEFINER=`root`@`localhost` SQL SECURITY DEFINER VIEW `v_riwayat_pendidikan` AS select `riwayat_pendidikan`.`id_rp` AS `id_rp`,`riwayat_pendidikan`.`id_karyawan` AS `id_karyawan`,`informasi_pribadi`.`nama` AS `nama`,`riwayat_pendidikan`.`id_pendidikan` AS `id_pendidikan`,`pendidikan`.`nm_pendidikan` AS `nm_pendidikan`,`riwayat_pendidikan`.`id_tmpt_pendidikan` AS `id_tmpt_pendidikan`,`tempat_pendidikan`.`nm_tmpt` AS `nm_tmpt`,`riwayat_pendidikan`.`thn_lulus` AS `thn_lulus` from (((`informasi_pribadi` join `riwayat_pendidikan` on((`informasi_pribadi`.`id_karyawan` = `riwayat_pendidikan`.`id_karyawan`))) join `pendidikan` on((`pendidikan`.`id_pendidikan` = `riwayat_pendidikan`.`id_pendidikan`))) join `tempat_pendidikan` on((`tempat_pendidikan`.`id_tp` = `riwayat_pendidikan`.`id_tmpt_pendidikan`))) */;

/*!40101 SET SQL_MODE=@OLD_SQL_MODE */;
/*!40014 SET FOREIGN_KEY_CHECKS=@OLD_FOREIGN_KEY_CHECKS */;
/*!40014 SET UNIQUE_CHECKS=@OLD_UNIQUE_CHECKS */;
/*!40111 SET SQL_NOTES=@OLD_SQL_NOTES */;
